{
  "randomuser_RestServiceVirtualController-invoke" : {
    "id" : "randomuser_RestServiceVirtualController-invoke",
    "crudOperationId" : null,
    "service" : "randomuser",
    "controller" : "RestServiceVirtualController",
    "operationType" : null,
    "type" : "randomuser.RootResponse",
    "wmServiceOperationInfo" : {
      "name" : "invoke",
      "methodType" : "get",
      "relativePath" : "/randomuser/api",
      "directPath" : null,
      "httpMethod" : "get",
      "parameters" : [ {
        "name" : "results",
        "parameterType" : "query",
        "required" : false,
        "type" : "String",
        "readOnly" : false,
        "contentType" : null
      } ],
      "definitions" : { },
      "produces" : [ "application/json" ],
      "consumes" : [ "application/json" ],
      "proxySettings" : {
        "web" : true,
        "mobile" : true,
        "withCredentials" : false
      },
      "securityDefinitions" : [ ]
    }
  }
}