{
  "GetQuotes" : {
    "_id" : "wm-GetQuotes-wm.LiveVariable-1581073932287",
    "name" : "GetQuotes",
    "owner" : "Page",
    "category" : "wm.LiveVariable",
    "dataBinding" : [ ],
    "operation" : "read",
    "dataSet" : [ ],
    "type" : "Quotes",
    "isList" : false,
    "saveInPhonegap" : false,
    "maxResults" : 5,
    "designMaxResults" : 5,
    "inFlightBehavior" : "executeLast",
    "startUpdate" : true,
    "autoUpdate" : true,
    "transformationRequired" : false,
    "liveSource" : "SalesVision",
    "ignoreCase" : true,
    "matchMode" : "startignorecase",
    "orderBy" : "id asc",
    "propertiesMap" : {
      "columns" : [ {
        "fieldName" : "reps",
        "type" : "integer",
        "fullyQualifiedType" : "integer",
        "columnName" : "REP_ID",
        "isPrimaryKey" : false,
        "notNull" : false,
        "length" : 0,
        "precision" : 10,
        "generator" : "assigned",
        "isRelated" : true,
        "relatedTableName" : "REPS",
        "relatedEntityName" : "Reps",
        "relatedColumnName" : "repId",
        "relatedFieldName" : "reps.id",
        "isList" : false,
        "targetTable" : "REPS",
        "scale" : 0,
        "columns" : [ {
          "fieldName" : "repsByReportingHead",
          "type" : "integer",
          "fullyQualifiedType" : "integer",
          "columnName" : "REPORTING_HEAD",
          "isPrimaryKey" : false,
          "notNull" : false,
          "length" : 0,
          "precision" : 10,
          "generator" : "assigned",
          "isRelated" : true,
          "relatedColumnName" : "reportingHead",
          "targetTable" : "REPS",
          "scale" : 0
        }, {
          "fieldName" : "states",
          "type" : "integer",
          "fullyQualifiedType" : "integer",
          "columnName" : "STATE_ID_REF",
          "isPrimaryKey" : false,
          "notNull" : false,
          "length" : 0,
          "precision" : 10,
          "generator" : "assigned",
          "isRelated" : true,
          "relatedColumnName" : "stateIdRef",
          "targetTable" : "STATES",
          "scale" : 0
        }, {
          "fieldName" : "channels",
          "type" : "integer",
          "fullyQualifiedType" : "integer",
          "columnName" : "CHANNEL_TYPE",
          "isPrimaryKey" : false,
          "notNull" : false,
          "length" : 0,
          "precision" : 10,
          "generator" : "assigned",
          "isRelated" : true,
          "relatedColumnName" : "channelType",
          "targetTable" : "CHANNELS",
          "scale" : 0
        }, {
          "fieldName" : "id",
          "type" : "integer",
          "fullyQualifiedType" : "integer",
          "columnName" : "ID",
          "isPrimaryKey" : true,
          "notNull" : true,
          "length" : 0,
          "precision" : 10,
          "generator" : "identity",
          "isRelated" : false,
          "scale" : 0
        }, {
          "fieldName" : "name",
          "type" : "string",
          "fullyQualifiedType" : "string",
          "columnName" : "NAME",
          "isPrimaryKey" : false,
          "notNull" : true,
          "length" : 32,
          "precision" : 0,
          "generator" : "assigned",
          "isRelated" : false,
          "scale" : 0
        }, {
          "fieldName" : "street",
          "type" : "string",
          "fullyQualifiedType" : "string",
          "columnName" : "STREET",
          "isPrimaryKey" : false,
          "notNull" : false,
          "length" : 64,
          "precision" : 0,
          "generator" : "assigned",
          "isRelated" : false,
          "scale" : 0
        }, {
          "fieldName" : "city",
          "type" : "string",
          "fullyQualifiedType" : "string",
          "columnName" : "CITY",
          "isPrimaryKey" : false,
          "notNull" : false,
          "length" : 32,
          "precision" : 0,
          "generator" : "assigned",
          "isRelated" : false,
          "scale" : 0
        }, {
          "fieldName" : "state",
          "type" : "string",
          "fullyQualifiedType" : "string",
          "columnName" : "STATE",
          "isPrimaryKey" : false,
          "notNull" : false,
          "length" : 2,
          "precision" : 0,
          "generator" : "assigned",
          "isRelated" : false,
          "scale" : 0
        }, {
          "fieldName" : "zip",
          "type" : "string",
          "fullyQualifiedType" : "string",
          "columnName" : "ZIP",
          "isPrimaryKey" : false,
          "notNull" : false,
          "length" : 6,
          "precision" : 0,
          "generator" : "assigned",
          "isRelated" : false,
          "scale" : 0
        }, {
          "fieldName" : "picurl",
          "type" : "string",
          "fullyQualifiedType" : "string",
          "columnName" : "PICURL",
          "isPrimaryKey" : false,
          "notNull" : false,
          "length" : 1024,
          "precision" : 0,
          "generator" : "assigned",
          "isRelated" : false,
          "scale" : 0
        }, {
          "fieldName" : "password",
          "type" : "string",
          "fullyQualifiedType" : "string",
          "columnName" : "PASSWORD",
          "isPrimaryKey" : false,
          "notNull" : false,
          "length" : 32,
          "precision" : 0,
          "generator" : "assigned",
          "isRelated" : false,
          "scale" : 0
        }, {
          "fieldName" : "role",
          "type" : "string",
          "fullyQualifiedType" : "string",
          "columnName" : "ROLE",
          "isPrimaryKey" : false,
          "notNull" : false,
          "length" : 32,
          "precision" : 0,
          "generator" : "assigned",
          "isRelated" : false,
          "scale" : 0
        }, {
          "fieldName" : "username",
          "type" : "string",
          "fullyQualifiedType" : "string",
          "columnName" : "USERNAME",
          "isPrimaryKey" : false,
          "notNull" : false,
          "length" : 32,
          "precision" : 0,
          "generator" : "assigned",
          "isRelated" : false,
          "scale" : 0
        }, {
          "fieldName" : "email",
          "type" : "string",
          "fullyQualifiedType" : "string",
          "columnName" : "EMAIL",
          "isPrimaryKey" : false,
          "notNull" : false,
          "length" : 255,
          "precision" : 0,
          "generator" : "assigned",
          "isRelated" : false,
          "defaultValue" : "",
          "scale" : 0
        }, {
          "fieldName" : "phone",
          "type" : "string",
          "fullyQualifiedType" : "string",
          "columnName" : "PHONE",
          "isPrimaryKey" : false,
          "notNull" : false,
          "length" : 255,
          "precision" : 0,
          "generator" : "assigned",
          "isRelated" : false,
          "defaultValue" : "",
          "scale" : 0
        }, {
          "fieldName" : "officeAddress",
          "type" : "string",
          "fullyQualifiedType" : "string",
          "columnName" : "OFFICE_ADDRESS",
          "isPrimaryKey" : false,
          "notNull" : false,
          "length" : 555,
          "precision" : 0,
          "generator" : "assigned",
          "isRelated" : false,
          "defaultValue" : "",
          "scale" : 0
        } ]
      }, {
        "fieldName" : "customers",
        "type" : "integer",
        "fullyQualifiedType" : "integer",
        "columnName" : "CUSTOMER_ID",
        "isPrimaryKey" : false,
        "notNull" : false,
        "length" : 0,
        "precision" : 10,
        "generator" : "assigned",
        "isRelated" : true,
        "defaultValue" : "",
        "relatedTableName" : "CUSTOMERS",
        "relatedEntityName" : "Customers",
        "relatedColumnName" : "customerId",
        "relatedFieldName" : "customers.id",
        "isList" : false,
        "targetTable" : "CUSTOMERS",
        "scale" : 0,
        "columns" : [ {
          "fieldName" : "states",
          "type" : "integer",
          "fullyQualifiedType" : "integer",
          "columnName" : "STATE_ID",
          "isPrimaryKey" : false,
          "notNull" : false,
          "length" : 0,
          "precision" : 10,
          "generator" : "assigned",
          "isRelated" : true,
          "relatedColumnName" : "stateId",
          "targetTable" : "STATES",
          "scale" : 0
        }, {
          "fieldName" : "id",
          "type" : "integer",
          "fullyQualifiedType" : "integer",
          "columnName" : "ID",
          "isPrimaryKey" : true,
          "notNull" : true,
          "length" : 0,
          "precision" : 10,
          "generator" : "identity",
          "isRelated" : false,
          "scale" : 0
        }, {
          "fieldName" : "name",
          "type" : "string",
          "fullyQualifiedType" : "string",
          "columnName" : "NAME",
          "isPrimaryKey" : false,
          "notNull" : true,
          "length" : 32,
          "precision" : 0,
          "generator" : "assigned",
          "isRelated" : false,
          "scale" : 0
        }, {
          "fieldName" : "company",
          "type" : "string",
          "fullyQualifiedType" : "string",
          "columnName" : "COMPANY",
          "isPrimaryKey" : false,
          "notNull" : false,
          "length" : 255,
          "precision" : 0,
          "generator" : "assigned",
          "isRelated" : false,
          "defaultValue" : "",
          "scale" : 0
        } ]
      }, {
        "fieldName" : "products",
        "type" : "integer",
        "fullyQualifiedType" : "integer",
        "columnName" : "PRODUCT_ID",
        "isPrimaryKey" : false,
        "notNull" : false,
        "length" : 0,
        "precision" : 10,
        "generator" : "assigned",
        "isRelated" : true,
        "defaultValue" : "",
        "relatedTableName" : "PRODUCTS",
        "relatedEntityName" : "Products",
        "relatedColumnName" : "productId",
        "relatedFieldName" : "products.id",
        "isList" : false,
        "targetTable" : "PRODUCTS",
        "scale" : 0,
        "columns" : [ {
          "fieldName" : "id",
          "type" : "integer",
          "fullyQualifiedType" : "integer",
          "columnName" : "ID",
          "isPrimaryKey" : true,
          "notNull" : true,
          "length" : 0,
          "precision" : 10,
          "generator" : "identity",
          "isRelated" : false,
          "scale" : 0
        }, {
          "fieldName" : "name",
          "type" : "string",
          "fullyQualifiedType" : "string",
          "columnName" : "NAME",
          "isPrimaryKey" : false,
          "notNull" : true,
          "length" : 40,
          "precision" : 0,
          "generator" : "assigned",
          "isRelated" : false,
          "scale" : 0
        } ]
      }, {
        "fieldName" : "quoteStatus",
        "type" : "integer",
        "fullyQualifiedType" : "integer",
        "columnName" : "QUOTE_STATUS_REF",
        "isPrimaryKey" : false,
        "notNull" : false,
        "length" : 0,
        "precision" : 10,
        "generator" : "assigned",
        "isRelated" : true,
        "defaultValue" : "",
        "relatedTableName" : "QUOTE_STATUS",
        "relatedEntityName" : "QuoteStatus",
        "relatedColumnName" : "quoteStatusRef",
        "relatedFieldName" : "quoteStatus.id",
        "isList" : false,
        "targetTable" : "QUOTE_STATUS",
        "scale" : 0,
        "columns" : [ {
          "fieldName" : "id",
          "type" : "integer",
          "fullyQualifiedType" : "integer",
          "columnName" : "ID",
          "isPrimaryKey" : true,
          "notNull" : true,
          "length" : 0,
          "precision" : 10,
          "generator" : "identity",
          "isRelated" : false,
          "defaultValue" : "",
          "scale" : 0
        }, {
          "fieldName" : "quoteStatus",
          "type" : "string",
          "fullyQualifiedType" : "string",
          "columnName" : "QUOTE_STATUS",
          "isPrimaryKey" : false,
          "notNull" : false,
          "length" : 255,
          "precision" : 0,
          "generator" : "assigned",
          "isRelated" : false,
          "defaultValue" : "",
          "scale" : 0
        } ]
      }, {
        "fieldName" : "id",
        "type" : "integer",
        "fullyQualifiedType" : "integer",
        "columnName" : "ID",
        "isPrimaryKey" : true,
        "notNull" : true,
        "length" : 0,
        "precision" : 10,
        "generator" : "identity",
        "isRelated" : false,
        "scale" : 0
      }, {
        "fieldName" : "entryDate",
        "type" : "date",
        "fullyQualifiedType" : "date",
        "columnName" : "ENTRY_DATE",
        "isPrimaryKey" : false,
        "notNull" : false,
        "length" : 0,
        "precision" : 0,
        "generator" : "assigned",
        "isRelated" : false,
        "scale" : 0
      }, {
        "fieldName" : "estimatedSale",
        "type" : "integer",
        "fullyQualifiedType" : "integer",
        "columnName" : "ESTIMATED_SALE",
        "isPrimaryKey" : false,
        "notNull" : false,
        "length" : 0,
        "precision" : 10,
        "generator" : "assigned",
        "isRelated" : false,
        "scale" : 0
      }, {
        "fieldName" : "expectedCloseDate",
        "type" : "date",
        "fullyQualifiedType" : "date",
        "columnName" : "EXPECTED_CLOSE_DATE",
        "isPrimaryKey" : false,
        "notNull" : false,
        "length" : 0,
        "precision" : 0,
        "generator" : "assigned",
        "isRelated" : false,
        "scale" : 0
      }, {
        "fieldName" : "isSalesConverted",
        "type" : "boolean",
        "fullyQualifiedType" : "boolean",
        "columnName" : "IS_SALES_CONVERTED",
        "isPrimaryKey" : false,
        "notNull" : false,
        "length" : 0,
        "precision" : 1,
        "generator" : "assigned",
        "isRelated" : false,
        "scale" : 0
      } ],
      "entityName" : "Quotes",
      "fullyQualifiedName" : "com.salesvision.salesvision.Quotes",
      "tableType" : "TABLE",
      "primaryFields" : [ "id" ]
    },
    "bindCount" : 1,
    "tableName" : "QUOTES",
    "tableType" : "TABLE",
    "properties" : [ "reps", "customers", "products", "quoteStatus" ],
    "relatedTables" : [ {
      "columnName" : "reps",
      "relationName" : "reps",
      "type" : "Reps",
      "watchOn" : "SalesVisionRepsData",
      "package" : "com.salesvision.salesvision.Quotes"
    }, {
      "columnName" : "customers",
      "relationName" : "customers",
      "type" : "Customers",
      "watchOn" : "SalesVisionCustomersData",
      "package" : "com.salesvision.salesvision.Quotes"
    }, {
      "columnName" : "products",
      "relationName" : "products",
      "type" : "Products",
      "watchOn" : "SalesVisionProductsData",
      "package" : "com.salesvision.salesvision.Quotes"
    }, {
      "columnName" : "quoteStatus",
      "relationName" : "quoteStatus",
      "type" : "QuoteStatus",
      "watchOn" : "SalesVisionQuoteStatusData",
      "package" : "com.salesvision.salesvision.Quotes"
    } ],
    "filterFields" : { },
    "filterExpressions" : {
      "condition" : "AND",
      "rules" : [ {
        "target" : "reps.reportingHead",
        "type" : "integer",
        "matchMode" : "exact",
        "value" : "bind:Variables.loggedInUserNo.dataSet.id",
        "required" : false,
        "secondvalue" : "",
        "isFirst" : true
      }, {
        "target" : "quoteStatusRef",
        "type" : "integer",
        "matchMode" : "notequals",
        "value" : 6,
        "required" : false,
        "secondvalue" : ""
      } ]
    },
    "package" : "com.salesvision.salesvision.Quotes"
  }
}