<?xml version="1.0" encoding="UTF-8" standalone="yes"?>
<!--
      This is a Studio Managed File. DO NOT EDIT THIS FILE. Your changes may be reverted by Studio.
      Use project-user-spring.xml for adding new beans or overriding existing beans.
    -->
<beans xsi:schemaLocation="http://www.springframework.org/schema/beans http://www.springframework.org/schema/beans/spring-beans.xsd http://www.springframework.org/schema/mvc
http://www.springframework.org/schema/mvc/spring-mvc.xsd http://www.springframework.org/schema/context http://www.springframework.org/schema/context/spring-context.xsd
http://www.springframework.org/schema/tx http://www.springframework.org/schema/tx/spring-tx.xsd http://www.springframework.org/schema/security http://www.springframework.org/schema/security/spring-security.xsd"
xmlns="http://www.springframework.org/schema/beans" xmlns:security="http://www.springframework.org/schema/security" xmlns:xsi="http://www.w3.org/2001/XMLSchema-instance">
    <bean class="com.wavemaker.runtime.rest.model.RestServiceInfoBean" id="BNKTransferServiceInfo">
            <property name="serviceName" value="BNKTransfer"/>
            <property name="restRuntimeConfig" ref="appDefaultRestRuntimeConfig"/>
            <property name="entryList">
                <list>
                    <bean class="com.wavemaker.runtime.rest.model.RestServiceInfoBeanEntry">
                         <property name="url" value="/BNKTransfer/card-holder/info"/>
                         <property name="httpMethod" value="POST"/>
                    </bean>
                    <bean class="com.wavemaker.runtime.rest.model.RestServiceInfoBeanEntry">
                         <property name="url" value="/BNKTransfer/card-holder/update"/>
                         <property name="httpMethod" value="POST"/>
                    </bean>
                    <bean class="com.wavemaker.runtime.rest.model.RestServiceInfoBeanEntry">
                         <property name="url" value="/BNKTransfer/card/balance"/>
                         <property name="httpMethod" value="POST"/>
                    </bean>
                    <bean class="com.wavemaker.runtime.rest.model.RestServiceInfoBeanEntry">
                         <property name="url" value="/BNKTransfer/card/country-block"/>
                         <property name="httpMethod" value="POST"/>
                    </bean>
                    <bean class="com.wavemaker.runtime.rest.model.RestServiceInfoBeanEntry">
                         <property name="url" value="/BNKTransfer/card/country-info"/>
                         <property name="httpMethod" value="POST"/>
                    </bean>
                    <bean class="com.wavemaker.runtime.rest.model.RestServiceInfoBeanEntry">
                         <property name="url" value="/BNKTransfer/card/country-unblock"/>
                         <property name="httpMethod" value="POST"/>
                    </bean>
                    <bean class="com.wavemaker.runtime.rest.model.RestServiceInfoBeanEntry">
                         <property name="url" value="/BNKTransfer/card/discharge"/>
                         <property name="httpMethod" value="POST"/>
                    </bean>
                    <bean class="com.wavemaker.runtime.rest.model.RestServiceInfoBeanEntry">
                         <property name="url" value="/BNKTransfer/card/fee"/>
                         <property name="httpMethod" value="POST"/>
                    </bean>
                    <bean class="com.wavemaker.runtime.rest.model.RestServiceInfoBeanEntry">
                         <property name="url" value="/BNKTransfer/card/geo-profile-remove"/>
                         <property name="httpMethod" value="POST"/>
                    </bean>
                    <bean class="com.wavemaker.runtime.rest.model.RestServiceInfoBeanEntry">
                         <property name="url" value="/BNKTransfer/card/geo-profile-set"/>
                         <property name="httpMethod" value="POST"/>
                    </bean>
                    <bean class="com.wavemaker.runtime.rest.model.RestServiceInfoBeanEntry">
                         <property name="url" value="/BNKTransfer/card/info"/>
                         <property name="httpMethod" value="POST"/>
                    </bean>
                    <bean class="com.wavemaker.runtime.rest.model.RestServiceInfoBeanEntry">
                         <property name="url" value="/BNKTransfer/card/load"/>
                         <property name="httpMethod" value="POST"/>
                    </bean>
                    <bean class="com.wavemaker.runtime.rest.model.RestServiceInfoBeanEntry">
                         <property name="url" value="/BNKTransfer/card/order"/>
                         <property name="httpMethod" value="POST"/>
                    </bean>
                    <bean class="com.wavemaker.runtime.rest.model.RestServiceInfoBeanEntry">
                         <property name="url" value="/BNKTransfer/card/pin-info-link"/>
                         <property name="httpMethod" value="POST"/>
                    </bean>
                    <bean class="com.wavemaker.runtime.rest.model.RestServiceInfoBeanEntry">
                         <property name="url" value="/BNKTransfer/card/pin-info-sms"/>
                         <property name="httpMethod" value="POST"/>
                    </bean>
                    <bean class="com.wavemaker.runtime.rest.model.RestServiceInfoBeanEntry">
                         <property name="url" value="/BNKTransfer/card/refund"/>
                         <property name="httpMethod" value="POST"/>
                    </bean>
                    <bean class="com.wavemaker.runtime.rest.model.RestServiceInfoBeanEntry">
                         <property name="url" value="/BNKTransfer/card/renew"/>
                         <property name="httpMethod" value="POST"/>
                    </bean>
                    <bean class="com.wavemaker.runtime.rest.model.RestServiceInfoBeanEntry">
                         <property name="url" value="/BNKTransfer/card/statement"/>
                         <property name="httpMethod" value="POST"/>
                    </bean>
                    <bean class="com.wavemaker.runtime.rest.model.RestServiceInfoBeanEntry">
                         <property name="url" value="/BNKTransfer/card/status-activate"/>
                         <property name="httpMethod" value="POST"/>
                    </bean>
                    <bean class="com.wavemaker.runtime.rest.model.RestServiceInfoBeanEntry">
                         <property name="url" value="/BNKTransfer/card/status-block"/>
                         <property name="httpMethod" value="POST"/>
                    </bean>
                    <bean class="com.wavemaker.runtime.rest.model.RestServiceInfoBeanEntry">
                         <property name="url" value="/BNKTransfer/card/status-cancel"/>
                         <property name="httpMethod" value="POST"/>
                    </bean>
                    <bean class="com.wavemaker.runtime.rest.model.RestServiceInfoBeanEntry">
                         <property name="url" value="/BNKTransfer/card/status-damaged"/>
                         <property name="httpMethod" value="POST"/>
                    </bean>
                    <bean class="com.wavemaker.runtime.rest.model.RestServiceInfoBeanEntry">
                         <property name="url" value="/BNKTransfer/card/status-info"/>
                         <property name="httpMethod" value="POST"/>
                    </bean>
                    <bean class="com.wavemaker.runtime.rest.model.RestServiceInfoBeanEntry">
                         <property name="url" value="/BNKTransfer/card/status-lost"/>
                         <property name="httpMethod" value="POST"/>
                    </bean>
                    <bean class="com.wavemaker.runtime.rest.model.RestServiceInfoBeanEntry">
                         <property name="url" value="/BNKTransfer/card/status-stolen"/>
                         <property name="httpMethod" value="POST"/>
                    </bean>
                    <bean class="com.wavemaker.runtime.rest.model.RestServiceInfoBeanEntry">
                         <property name="url" value="/BNKTransfer/card/status-unblock"/>
                         <property name="httpMethod" value="POST"/>
                    </bean>
                    <bean class="com.wavemaker.runtime.rest.model.RestServiceInfoBeanEntry">
                         <property name="url" value="/BNKTransfer/card/unload"/>
                         <property name="httpMethod" value="POST"/>
                    </bean>
                    <bean class="com.wavemaker.runtime.rest.model.RestServiceInfoBeanEntry">
                         <property name="url" value="/BNKTransfer/card/update"/>
                         <property name="httpMethod" value="POST"/>
                    </bean>
                    <bean class="com.wavemaker.runtime.rest.model.RestServiceInfoBeanEntry">
                         <property name="url" value="/BNKTransfer/consumer/account-list"/>
                         <property name="httpMethod" value="POST"/>
                    </bean>
                    <bean class="com.wavemaker.runtime.rest.model.RestServiceInfoBeanEntry">
                         <property name="url" value="/BNKTransfer/consumer/create"/>
                         <property name="httpMethod" value="POST"/>
                    </bean>
                    <bean class="com.wavemaker.runtime.rest.model.RestServiceInfoBeanEntry">
                         <property name="url" value="/BNKTransfer/consumer/info"/>
                         <property name="httpMethod" value="POST"/>
                    </bean>
                    <bean class="com.wavemaker.runtime.rest.model.RestServiceInfoBeanEntry">
                         <property name="url" value="/BNKTransfer/consumer/update"/>
                         <property name="httpMethod" value="POST"/>
                    </bean>
                    <bean class="com.wavemaker.runtime.rest.model.RestServiceInfoBeanEntry">
                         <property name="url" value="/BNKTransfer/core/status"/>
                         <property name="httpMethod" value="POST"/>
                    </bean>
                    <bean class="com.wavemaker.runtime.rest.model.RestServiceInfoBeanEntry">
                         <property name="url" value="/BNKTransfer/core/transac-check"/>
                         <property name="httpMethod" value="POST"/>
                    </bean>
                    <bean class="com.wavemaker.runtime.rest.model.RestServiceInfoBeanEntry">
                         <property name="url" value="/BNKTransfer/core/transac-clear"/>
                         <property name="httpMethod" value="POST"/>
                    </bean>
                    <bean class="com.wavemaker.runtime.rest.model.RestServiceInfoBeanEntry">
                         <property name="url" value="/BNKTransfer/corporate/account-list"/>
                         <property name="httpMethod" value="POST"/>
                    </bean>
                    <bean class="com.wavemaker.runtime.rest.model.RestServiceInfoBeanEntry">
                         <property name="url" value="/BNKTransfer/corporate/create"/>
                         <property name="httpMethod" value="POST"/>
                    </bean>
                    <bean class="com.wavemaker.runtime.rest.model.RestServiceInfoBeanEntry">
                         <property name="url" value="/BNKTransfer/corporate/info"/>
                         <property name="httpMethod" value="POST"/>
                    </bean>
                    <bean class="com.wavemaker.runtime.rest.model.RestServiceInfoBeanEntry">
                         <property name="url" value="/BNKTransfer/corporate/kyb-update"/>
                         <property name="httpMethod" value="POST"/>
                    </bean>
                    <bean class="com.wavemaker.runtime.rest.model.RestServiceInfoBeanEntry">
                         <property name="url" value="/BNKTransfer/corporate/update"/>
                         <property name="httpMethod" value="POST"/>
                    </bean>
                    <bean class="com.wavemaker.runtime.rest.model.RestServiceInfoBeanEntry">
                         <property name="url" value="/BNKTransfer/direct-debit-mandate/activate"/>
                         <property name="httpMethod" value="POST"/>
                    </bean>
                    <bean class="com.wavemaker.runtime.rest.model.RestServiceInfoBeanEntry">
                         <property name="url" value="/BNKTransfer/direct-debit-mandate/block"/>
                         <property name="httpMethod" value="POST"/>
                    </bean>
                    <bean class="com.wavemaker.runtime.rest.model.RestServiceInfoBeanEntry">
                         <property name="url" value="/BNKTransfer/direct-debit-mandate/search"/>
                         <property name="httpMethod" value="POST"/>
                    </bean>
                    <bean class="com.wavemaker.runtime.rest.model.RestServiceInfoBeanEntry">
                         <property name="url" value="/BNKTransfer/direct-debit/refund"/>
                         <property name="httpMethod" value="POST"/>
                    </bean>
                    <bean class="com.wavemaker.runtime.rest.model.RestServiceInfoBeanEntry">
                         <property name="url" value="/BNKTransfer/direct-debit/refusal"/>
                         <property name="httpMethod" value="POST"/>
                    </bean>
                    <bean class="com.wavemaker.runtime.rest.model.RestServiceInfoBeanEntry">
                         <property name="url" value="/BNKTransfer/fx/card-transparency-info"/>
                         <property name="httpMethod" value="POST"/>
                    </bean>
                    <bean class="com.wavemaker.runtime.rest.model.RestServiceInfoBeanEntry">
                         <property name="url" value="/BNKTransfer/fx/exchange"/>
                         <property name="httpMethod" value="POST"/>
                    </bean>
                    <bean class="com.wavemaker.runtime.rest.model.RestServiceInfoBeanEntry">
                         <property name="url" value="/BNKTransfer/fx/indicative-quote"/>
                         <property name="httpMethod" value="POST"/>
                    </bean>
                    <bean class="com.wavemaker.runtime.rest.model.RestServiceInfoBeanEntry">
                         <property name="url" value="/BNKTransfer/geo-profile/create"/>
                         <property name="httpMethod" value="POST"/>
                    </bean>
                    <bean class="com.wavemaker.runtime.rest.model.RestServiceInfoBeanEntry">
                         <property name="url" value="/BNKTransfer/iban/account-list"/>
                         <property name="httpMethod" value="POST"/>
                    </bean>
                    <bean class="com.wavemaker.runtime.rest.model.RestServiceInfoBeanEntry">
                         <property name="url" value="/BNKTransfer/iban/consumer-add"/>
                         <property name="httpMethod" value="POST"/>
                    </bean>
                    <bean class="com.wavemaker.runtime.rest.model.RestServiceInfoBeanEntry">
                         <property name="url" value="/BNKTransfer/iban/currency-add"/>
                         <property name="httpMethod" value="POST"/>
                    </bean>
                    <bean class="com.wavemaker.runtime.rest.model.RestServiceInfoBeanEntry">
                         <property name="url" value="/BNKTransfer/iban/profile-upgrade"/>
                         <property name="httpMethod" value="POST"/>
                    </bean>
                    <bean class="com.wavemaker.runtime.rest.model.RestServiceInfoBeanEntry">
                         <property name="url" value="/BNKTransfer/iban/status-block"/>
                         <property name="httpMethod" value="POST"/>
                    </bean>
                    <bean class="com.wavemaker.runtime.rest.model.RestServiceInfoBeanEntry">
                         <property name="url" value="/BNKTransfer/iban/status-cancel"/>
                         <property name="httpMethod" value="POST"/>
                    </bean>
                    <bean class="com.wavemaker.runtime.rest.model.RestServiceInfoBeanEntry">
                         <property name="url" value="/BNKTransfer/iban/status-unblock"/>
                         <property name="httpMethod" value="POST"/>
                    </bean>
                    <bean class="com.wavemaker.runtime.rest.model.RestServiceInfoBeanEntry">
                         <property name="url" value="/BNKTransfer/limit/update"/>
                         <property name="httpMethod" value="POST"/>
                    </bean>
                    <bean class="com.wavemaker.runtime.rest.model.RestServiceInfoBeanEntry">
                         <property name="url" value="/BNKTransfer/profile/create"/>
                         <property name="httpMethod" value="POST"/>
                    </bean>
                    <bean class="com.wavemaker.runtime.rest.model.RestServiceInfoBeanEntry">
                         <property name="url" value="/BNKTransfer/profile/info"/>
                         <property name="httpMethod" value="POST"/>
                    </bean>
                    <bean class="com.wavemaker.runtime.rest.model.RestServiceInfoBeanEntry">
                         <property name="url" value="/BNKTransfer/profile/update"/>
                         <property name="httpMethod" value="POST"/>
                    </bean>
                    <bean class="com.wavemaker.runtime.rest.model.RestServiceInfoBeanEntry">
                         <property name="url" value="/BNKTransfer/region/create"/>
                         <property name="httpMethod" value="POST"/>
                    </bean>
                    <bean class="com.wavemaker.runtime.rest.model.RestServiceInfoBeanEntry">
                         <property name="url" value="/BNKTransfer/region/info"/>
                         <property name="httpMethod" value="POST"/>
                    </bean>
                    <bean class="com.wavemaker.runtime.rest.model.RestServiceInfoBeanEntry">
                         <property name="url" value="/BNKTransfer/suspended-payment/info"/>
                         <property name="httpMethod" value="POST"/>
                    </bean>
                    <bean class="com.wavemaker.runtime.rest.model.RestServiceInfoBeanEntry">
                         <property name="url" value="/BNKTransfer/suspended-payment/release"/>
                         <property name="httpMethod" value="POST"/>
                    </bean>
                    <bean class="com.wavemaker.runtime.rest.model.RestServiceInfoBeanEntry">
                         <property name="url" value="/BNKTransfer/suspended-payment/return"/>
                         <property name="httpMethod" value="POST"/>
                    </bean>
                    <bean class="com.wavemaker.runtime.rest.model.RestServiceInfoBeanEntry">
                         <property name="url" value="/BNKTransfer/test/card-authorization"/>
                         <property name="httpMethod" value="POST"/>
                    </bean>
                    <bean class="com.wavemaker.runtime.rest.model.RestServiceInfoBeanEntry">
                         <property name="url" value="/BNKTransfer/test/inbound-payment"/>
                         <property name="httpMethod" value="POST"/>
                    </bean>
                    <bean class="com.wavemaker.runtime.rest.model.RestServiceInfoBeanEntry">
                         <property name="url" value="/BNKTransfer/virtual-account/balance"/>
                         <property name="httpMethod" value="POST"/>
                    </bean>
                    <bean class="com.wavemaker.runtime.rest.model.RestServiceInfoBeanEntry">
                         <property name="url" value="/BNKTransfer/virtual-account/consumer-add"/>
                         <property name="httpMethod" value="POST"/>
                    </bean>
                    <bean class="com.wavemaker.runtime.rest.model.RestServiceInfoBeanEntry">
                         <property name="url" value="/BNKTransfer/virtual-account/create"/>
                         <property name="httpMethod" value="POST"/>
                    </bean>
                    <bean class="com.wavemaker.runtime.rest.model.RestServiceInfoBeanEntry">
                         <property name="url" value="/BNKTransfer/virtual-account/current-statement"/>
                         <property name="httpMethod" value="POST"/>
                    </bean>
                    <bean class="com.wavemaker.runtime.rest.model.RestServiceInfoBeanEntry">
                         <property name="url" value="/BNKTransfer/virtual-account/info"/>
                         <property name="httpMethod" value="POST"/>
                    </bean>
                    <bean class="com.wavemaker.runtime.rest.model.RestServiceInfoBeanEntry">
                         <property name="url" value="/BNKTransfer/virtual-account/payment"/>
                         <property name="httpMethod" value="POST"/>
                    </bean>
                    <bean class="com.wavemaker.runtime.rest.model.RestServiceInfoBeanEntry">
                         <property name="url" value="/BNKTransfer/virtual-account/profile-apply"/>
                         <property name="httpMethod" value="POST"/>
                    </bean>
                    <bean class="com.wavemaker.runtime.rest.model.RestServiceInfoBeanEntry">
                         <property name="url" value="/BNKTransfer/virtual-account/settled-statement"/>
                         <property name="httpMethod" value="POST"/>
                    </bean>
                    <bean class="com.wavemaker.runtime.rest.model.RestServiceInfoBeanEntry">
                         <property name="url" value="/BNKTransfer/virtual-account/statement"/>
                         <property name="httpMethod" value="POST"/>
                    </bean>
                    <bean class="com.wavemaker.runtime.rest.model.RestServiceInfoBeanEntry">
                         <property name="url" value="/BNKTransfer/virtual-account/status-block"/>
                         <property name="httpMethod" value="POST"/>
                    </bean>
                    <bean class="com.wavemaker.runtime.rest.model.RestServiceInfoBeanEntry">
                         <property name="url" value="/BNKTransfer/virtual-account/status-cancel"/>
                         <property name="httpMethod" value="POST"/>
                    </bean>
                    <bean class="com.wavemaker.runtime.rest.model.RestServiceInfoBeanEntry">
                         <property name="url" value="/BNKTransfer/virtual-account/status-unblock"/>
                         <property name="httpMethod" value="POST"/>
                    </bean>
                    <bean class="com.wavemaker.runtime.rest.model.RestServiceInfoBeanEntry">
                         <property name="url" value="/BNKTransfer/virtual-account/transfer"/>
                         <property name="httpMethod" value="POST"/>
                    </bean>
                </list>
            </property>
    </bean>
    <bean class="com.wavemaker.runtime.rest.RestBeanFactoryPostProcessor" id="BNKTransferPostProcessor">
            <property name="serviceId" value="BNKTransfer"/>
            <property name="apiClasses">
                <list>
                    <value>com.transfer_funds.BNKTransfer.service.CardFinancialService</value>
                    <value>com.transfer_funds.BNKTransfer.service.CardManagementService</value>
                    <value>com.transfer_funds.BNKTransfer.service.CardStatusService</value>
                    <value>com.transfer_funds.BNKTransfer.service.CardsPrepaidComingToYourSandboxSoonService</value>
                    <value>com.transfer_funds.BNKTransfer.service.ConsumerService</value>
                    <value>com.transfer_funds.BNKTransfer.service.CoreService</value>
                    <value>com.transfer_funds.BNKTransfer.service.CorporateService</value>
                    <value>com.transfer_funds.BNKTransfer.service.CorporatesService</value>
                    <value>com.transfer_funds.BNKTransfer.service.DirectDebitsComingToYourSandboxSoonService</value>
                    <value>com.transfer_funds.BNKTransfer.service.FxForeignExchangeService</value>
                    <value>com.transfer_funds.BNKTransfer.service.GeoBlockingAndRestrictedCountriesService</value>
                    <value>com.transfer_funds.BNKTransfer.service.IbanManagementService</value>
                    <value>com.transfer_funds.BNKTransfer.service.KybService</value>
                    <value>com.transfer_funds.BNKTransfer.service.LimitsService</value>
                    <value>com.transfer_funds.BNKTransfer.service.SimulationService</value>
                    <value>com.transfer_funds.BNKTransfer.service.VirtualAccountsService</value>
                </list>
            </property>
    </bean>
</beans>
