<?xml version="1.0" encoding="utf-8"?>
<!--
      This is a Studio Managed File. DO NOT EDIT THIS FILE. Your changes may be reverted by Studio.
      Use project-user-spring.xml for adding new beans or overriding existing beans.
    -->
<beans xmlns="http://www.springframework.org/schema/beans"
       xmlns:context="http://www.springframework.org/schema/context"
       xmlns:xsi="http://www.w3.org/2001/XMLSchema-instance" xmlns:tx="http://www.springframework.org/schema/tx"
       xsi:schemaLocation="http://www.springframework.org/schema/beans http://www.springframework.org/schema/beans/spring-beans.xsd   http://www.springframework.org/schema/context http://www.springframework.org/schema/context/spring-context.xsd http://www.springframework.org/schema/tx http://www.springframework.org/schema/tx/spring-tx.xsd">

    <context:component-scan base-package="com.salesvision.hrdb.controller,com.salesvision.hrdb.service,com.salesvision.hrdb.dao"/>

    <bean id="HRDBHikariConfig" class="com.zaxxer.hikari.HikariConfig">
        <property name="jdbcUrl" value="${db.HRDB.url}"/>
        <property name="driverClassName" value="${db.HRDB.driverClass}"/>
        <property name="username" value="${db.HRDB.username}"/>
        <property name="password" value="${db.HRDB.password}"/>
        <property name="maximumPoolSize" value="${db.HRDB.maxPoolSize}"/>
        <property name="minimumIdle" value="${db.HRDB.minPoolSize}"/>
        <property name="connectionTimeout" value="30000" />
        <property name="validationTimeout" value="5000" />
        <property name="idleTimeout" value="600000" />
        <property name="maxLifetime" value="1800000" />
        <property name="initializationFailTimeout" value="-1" />
        <property name="leakDetectionThreshold" value="120000" />
        <property name="registerMbeans" value="false" />
    </bean>

    <bean id="HRDBWMManagedDataSource" class="com.zaxxer.hikari.HikariDataSource" destroy-method="close" lazy-init="true">
        <constructor-arg ref="HRDBHikariConfig"/>
    </bean>

    <bean id="HRDBEntityInterceptor" class="com.wavemaker.runtime.data.interceptors.WMEntityInterceptor"/>

    <bean id="HRDBSessionFactory" class="org.springframework.orm.hibernate5.LocalSessionFactoryBean">
        <property name="dataSource" ref="HRDBDataSource"/>
        <property name="packagesToScan" value="com.salesvision.hrdb"/>
        <property name="entityInterceptor" ref="HRDBEntityInterceptor"/>
        <property name="entityTypeFilters" ref="nonHistoryEntitiesFilter"/>
        <property name="mappingResources">
            <list>
                <value>
                HRDB-queries.hbm.xml
                </value>
            </list>
        </property>

        <property name="hibernateProperties" ref="HRDBHibernateProperties"/>
    </bean>
    <bean id="HRDBTransactionManager" class="org.springframework.orm.hibernate5.HibernateTransactionManager">
        <property name="sessionFactory" ref="HRDBSessionFactory"/>
        <property name="defaultTimeout" value="${db.HRDB.transactionTimeout}"/>
    </bean>
    <bean id="HRDBTemplate" class="org.springframework.orm.hibernate5.HibernateTemplate">
        <property name="sessionFactory" ref="HRDBSessionFactory"/>
    </bean>
    
    <bean id="HRDBWMQLTypeHelper" class="com.wavemaker.runtime.data.dao.query.types.wmql.WMQLDefaultTypeHelper" lazy-init="false" />
    
    <bean id="HRDBWMQueryExecutor" class="com.wavemaker.runtime.data.dao.query.WMQueryExecutorImpl">
        <property name="template" ref="HRDBTemplate"/>
    </bean>
    <bean id="HRDBWMProcedureExecutor" class="com.wavemaker.runtime.data.dao.procedure.WMProcedureExecutorImpl">
        <property name="template" ref="HRDBTemplate"/>
        <property name="serviceId" value="HRDB"/>
    </bean>

    <bean id="HRDBHibernateProperties" class="org.springframework.beans.factory.config.PropertiesFactoryBean">
        <property name="properties">
            <props>
                <prop key="hibernate.dialect">
                ${db.HRDB.dialect}
                </prop>
                <prop key="hibernate.show_sql">
                    false
                </prop>
                <prop key="hibernate.globally_quoted_identifiers">
                    false
                </prop>
                <prop key="hibernate.hbm2ddl.auto">
                ${db.HRDB.hbm2ddl}
                </prop>
                <prop key="hibernate.temp.use_jdbc_metadata_defaults">
                    false
                </prop>
                <prop key="hibernate.schema_update.unique_constraint_strategy">
                    skip
                </prop>
            </props>
        </property>
    </bean>

    <bean id="HRDBPageableHandlerMethodResolver" class="com.wavemaker.runtime.resolver.WMPageableHandlerMethodArgumentResolver" >
        <property name="pageParameterName" value="page"/>
        <property name="sizeParameterName" value="size"/>
        <property name="oneIndexedParameters" value="true"/>
        <property name="maxPageSize" value="${db.HRDB.maxPageSize}"/>
    </bean>

    <bean id="HRDBDataSource" class="com.wavemaker.runtime.data.datasource.WMDataSource">
        <property name="dataSourceType" value="${db.HRDB.dataSourceType}"/>
        <property name="jndiName" value="${db.HRDB.jndiName}"/>
        <property name="serviceId" value="HRDB"/>
    </bean>


    <tx:annotation-driven/>

</beans>

