{
    "logoutAction": {
        "owner": "App",
        "saveInPhonegap": false,
        "name": "logoutAction",
        "redirectTo": "Login",
        "_id": "wm-logoutAction-wm.LogoutVariable-1580885196641",
        "category": "wm.LogoutVariable",
        "type": "string",
        "transformationRequired": false,
        "inFlightBehavior": "executeLast",
        "useDefaultSuccessHandler": true
    },
    "goToPage_mergeScriptTest": {
        "owner": "App",
        "name": "goToPage_mergeScriptTest",
        "dataBinding": [],
        "_id": "wm-goToPage_mergeScriptTest-wm.NavigationVariable-1660887878645",
        "category": "wm.NavigationVariable",
        "operation": "gotoPage",
        "pageName": "mergeScriptTest",
        "dataSet": [],
        "pageTransitions": "none"
    },
    "goToPage_testPage": {
        "owner": "App",
        "name": "goToPage_testPage",
        "dataBinding": [],
        "_id": "wm-goToPage_testPage-wm.NavigationVariable-1637734151220",
        "category": "wm.NavigationVariable",
        "operation": "gotoPage",
        "pageName": "testPage",
        "dataSet": [],
        "pageTransitions": "none"
    },
    "loginAction": {
        "owner": "App",
        "saveInPhonegap": false,
        "autoUpdate": false,
        "startUpdate": false,
        "type": "string",
        "inFlightBehavior": "executeLast",
        "useDefaultSuccessHandler": true,
        "name": "loginAction",
        "dataBinding": [],
        "_id": "wm-loginAction-wm.LoginVariable-1580885196641",
        "category": "wm.LoginVariable",
        "dataSet": {
            "j_rememberme": false,
            "j_password": "",
            "j_username": ""
        },
        "transformationRequired": false
    },
    "appNotification": {
        "owner": "App",
        "name": "appNotification",
        "dataBinding": [
            {
                "type": "list",
                "value": "Error",
                "target": "class"
            },
            {
                "type": "list",
                "value": "bottom right",
                "target": "toasterPosition"
            }
        ],
        "_id": "wm-appErrorHandler-wm.NotificationVariable-1454664620943",
        "category": "wm.NotificationVariable",
        "operation": "toast"
    },
    "LoggedInUserREPS": {
        "saveInPhonegap": false,
        "autoUpdate": false,
        "filterExpressions": {
            "condition": "AND",
            "rules": [{
                "secondvalue": "",
                "isFirst": true,
                "type": "integer",
                "value": "bind:Variables.loggedInUserNo.dataSet.id | stringToNumber",
                "matchMode": "exact",
                "required": false,
                "target": "id"
            }]
        },
        "liveSource": "SalesVision",
        "orderBy": "id asc",
        "filterFields": {},
        "type": "Reps",
        "isList": false,
        "inFlightBehavior": "executeLast",
        "designMaxResults": 10,
        "tableName": "REPS",
        "tableType": "TABLE",
        "relatedTables": [
            {
                "watchOn": "SalesVisionRepsData",
                "package": "com.salesvision.salesvision.Reps",
                "relationName": "repsByReportingHead",
                "type": "Reps",
                "columnName": "repsByReportingHead"
            },
            {
                "watchOn": "SalesVisionStatesData",
                "package": "com.salesvision.salesvision.Reps",
                "relationName": "states",
                "type": "States",
                "columnName": "states"
            },
            {
                "watchOn": "SalesVisionChannelsData",
                "package": "com.salesvision.salesvision.Reps",
                "relationName": "channels",
                "type": "Channels",
                "columnName": "channels"
            }
        ],
        "maxResults": 20,
        "ignoreCase": true,
        "bindCount": 9,
        "dataSet": [],
        "matchMode": "startignorecase",
        "owner": "App",
        "package": "com.salesvision.salesvision.Reps",
        "startUpdate": false,
        "propertiesMap": {
            "tableType": "TABLE",
            "columns": [
                {
                    "relatedTableName": "REPS",
                    "targetTable": "REPS",
                    "fieldName": "repsByReportingHead",
                    "relatedFieldName": "repsByReportingHead.id",
                    "notNull": false,
                    "columns": [
                        {
                            "relatedTableName": "REPS",
                            "targetTable": "REPS",
                            "fieldName": "repsByReportingHead",
                            "notNull": false,
                            "precision": 10,
                            "length": 0,
                            "generator": "assigned",
                            "scale": 0,
                            "isPrimaryKey": false,
                            "relatedColumnName": "reportingHead",
                            "type": "integer",
                            "isRelated": true,
                            "fullyQualifiedType": "integer",
                            "relatedEntityName": "Reps",
                            "columnName": "REPORTING_HEAD"
                        },
                        {
                            "relatedTableName": "STATES",
                            "targetTable": "STATES",
                            "fieldName": "states",
                            "notNull": false,
                            "precision": 10,
                            "length": 0,
                            "generator": "assigned",
                            "scale": 0,
                            "isPrimaryKey": false,
                            "relatedColumnName": "stateIdRef",
                            "type": "integer",
                            "isRelated": true,
                            "fullyQualifiedType": "integer",
                            "relatedEntityName": "States",
                            "columnName": "STATE_ID_REF"
                        },
                        {
                            "relatedTableName": "CHANNELS",
                            "targetTable": "CHANNELS",
                            "fieldName": "channels",
                            "notNull": false,
                            "precision": 10,
                            "length": 0,
                            "generator": "assigned",
                            "scale": 0,
                            "isPrimaryKey": false,
                            "relatedColumnName": "channelType",
                            "type": "integer",
                            "isRelated": true,
                            "fullyQualifiedType": "integer",
                            "relatedEntityName": "Channels",
                            "columnName": "CHANNEL_TYPE"
                        },
                        {
                            "isRelated": false,
                            "fieldName": "id",
                            "notNull": true,
                            "precision": 10,
                            "fullyQualifiedType": "integer",
                            "length": 0,
                            "generator": "identity",
                            "scale": 0,
                            "isPrimaryKey": true,
                            "type": "integer",
                            "columnName": "ID"
                        },
                        {
                            "isRelated": false,
                            "fieldName": "city",
                            "notNull": false,
                            "precision": 0,
                            "fullyQualifiedType": "string",
                            "length": 32,
                            "generator": "assigned",
                            "scale": 0,
                            "isPrimaryKey": false,
                            "type": "string",
                            "columnName": "CITY"
                        },
                        {
                            "isRelated": false,
                            "fieldName": "email",
                            "notNull": false,
                            "defaultValue": "",
                            "precision": 0,
                            "fullyQualifiedType": "string",
                            "length": 255,
                            "generator": "assigned",
                            "scale": 0,
                            "isPrimaryKey": false,
                            "type": "string",
                            "columnName": "EMAIL"
                        },
                        {
                            "isRelated": false,
                            "fieldName": "name",
                            "notNull": true,
                            "precision": 0,
                            "fullyQualifiedType": "string",
                            "length": 32,
                            "generator": "assigned",
                            "scale": 0,
                            "isPrimaryKey": false,
                            "type": "string",
                            "columnName": "NAME"
                        },
                        {
                            "isRelated": false,
                            "fieldName": "officeAddress",
                            "notNull": false,
                            "defaultValue": "",
                            "precision": 0,
                            "fullyQualifiedType": "string",
                            "length": 555,
                            "generator": "assigned",
                            "scale": 0,
                            "isPrimaryKey": false,
                            "type": "string",
                            "columnName": "OFFICE_ADDRESS"
                        },
                        {
                            "isRelated": false,
                            "fieldName": "password",
                            "notNull": false,
                            "precision": 0,
                            "fullyQualifiedType": "string",
                            "length": 32,
                            "generator": "assigned",
                            "scale": 0,
                            "isPrimaryKey": false,
                            "type": "string",
                            "columnName": "PASSWORD"
                        },
                        {
                            "isRelated": false,
                            "fieldName": "phone",
                            "notNull": false,
                            "defaultValue": "",
                            "precision": 0,
                            "fullyQualifiedType": "string",
                            "length": 255,
                            "generator": "assigned",
                            "scale": 0,
                            "isPrimaryKey": false,
                            "type": "string",
                            "columnName": "PHONE"
                        },
                        {
                            "isRelated": false,
                            "fieldName": "picurl",
                            "notNull": false,
                            "precision": 0,
                            "fullyQualifiedType": "string",
                            "length": 1024,
                            "generator": "assigned",
                            "scale": 0,
                            "isPrimaryKey": false,
                            "type": "string",
                            "columnName": "PICURL"
                        },
                        {
                            "isRelated": false,
                            "fieldName": "role",
                            "notNull": false,
                            "precision": 0,
                            "fullyQualifiedType": "string",
                            "length": 32,
                            "generator": "assigned",
                            "scale": 0,
                            "isPrimaryKey": false,
                            "type": "string",
                            "columnName": "ROLE"
                        },
                        {
                            "isRelated": false,
                            "fieldName": "state",
                            "notNull": false,
                            "precision": 0,
                            "fullyQualifiedType": "string",
                            "length": 2,
                            "generator": "assigned",
                            "scale": 0,
                            "isPrimaryKey": false,
                            "type": "string",
                            "columnName": "STATE"
                        },
                        {
                            "isRelated": false,
                            "fieldName": "street",
                            "notNull": false,
                            "precision": 0,
                            "fullyQualifiedType": "string",
                            "length": 64,
                            "generator": "assigned",
                            "scale": 0,
                            "isPrimaryKey": false,
                            "type": "string",
                            "columnName": "STREET"
                        },
                        {
                            "isRelated": false,
                            "fieldName": "username",
                            "notNull": false,
                            "precision": 0,
                            "fullyQualifiedType": "string",
                            "length": 32,
                            "generator": "assigned",
                            "scale": 0,
                            "isPrimaryKey": false,
                            "type": "string",
                            "columnName": "USERNAME"
                        },
                        {
                            "isRelated": false,
                            "fieldName": "zip",
                            "notNull": false,
                            "precision": 0,
                            "fullyQualifiedType": "string",
                            "length": 6,
                            "generator": "assigned",
                            "scale": 0,
                            "isPrimaryKey": false,
                            "type": "string",
                            "columnName": "ZIP"
                        }
                    ],
                    "precision": 10,
                    "length": 0,
                    "generator": "assigned",
                    "scale": 0,
                    "isPrimaryKey": false,
                    "relatedColumnName": "reportingHead",
                    "type": "integer",
                    "isList": false,
                    "isRelated": true,
                    "fullyQualifiedType": "integer",
                    "relatedEntityName": "Reps",
                    "columnName": "REPORTING_HEAD"
                },
                {
                    "relatedTableName": "STATES",
                    "targetTable": "STATES",
                    "fieldName": "states",
                    "relatedFieldName": "states.id",
                    "notNull": false,
                    "columns": [
                        {
                            "isRelated": false,
                            "fieldName": "id",
                            "notNull": true,
                            "precision": 10,
                            "fullyQualifiedType": "integer",
                            "length": 0,
                            "generator": "identity",
                            "scale": 0,
                            "isPrimaryKey": true,
                            "type": "integer",
                            "columnName": "ID"
                        },
                        {
                            "isRelated": false,
                            "fieldName": "abbrev",
                            "notNull": true,
                            "precision": 0,
                            "fullyQualifiedType": "string",
                            "length": 2,
                            "generator": "assigned",
                            "scale": 0,
                            "isPrimaryKey": false,
                            "type": "string",
                            "columnName": "ABBREV"
                        },
                        {
                            "isRelated": false,
                            "fieldName": "name",
                            "notNull": true,
                            "precision": 0,
                            "fullyQualifiedType": "string",
                            "length": 40,
                            "generator": "assigned",
                            "scale": 0,
                            "isPrimaryKey": false,
                            "type": "string",
                            "columnName": "NAME"
                        }
                    ],
                    "precision": 10,
                    "length": 0,
                    "generator": "assigned",
                    "scale": 0,
                    "isPrimaryKey": false,
                    "relatedColumnName": "stateIdRef",
                    "type": "integer",
                    "isList": false,
                    "isRelated": true,
                    "fullyQualifiedType": "integer",
                    "relatedEntityName": "States",
                    "columnName": "STATE_ID_REF"
                },
                {
                    "relatedTableName": "CHANNELS",
                    "targetTable": "CHANNELS",
                    "fieldName": "channels",
                    "relatedFieldName": "channels.id",
                    "notNull": false,
                    "columns": [
                        {
                            "isRelated": false,
                            "fieldName": "id",
                            "notNull": true,
                            "precision": 10,
                            "fullyQualifiedType": "integer",
                            "length": 0,
                            "generator": "identity",
                            "scale": 0,
                            "isPrimaryKey": true,
                            "type": "integer",
                            "columnName": "ID"
                        },
                        {
                            "isRelated": false,
                            "fieldName": "name",
                            "notNull": true,
                            "precision": 0,
                            "fullyQualifiedType": "string",
                            "length": 255,
                            "generator": "assigned",
                            "scale": 0,
                            "isPrimaryKey": false,
                            "type": "string",
                            "columnName": "NAME"
                        }
                    ],
                    "precision": 10,
                    "length": 0,
                    "generator": "assigned",
                    "scale": 0,
                    "isPrimaryKey": false,
                    "relatedColumnName": "channelType",
                    "type": "integer",
                    "isList": false,
                    "isRelated": true,
                    "fullyQualifiedType": "integer",
                    "relatedEntityName": "Channels",
                    "columnName": "CHANNEL_TYPE"
                },
                {
                    "isRelated": false,
                    "fieldName": "id",
                    "notNull": true,
                    "precision": 10,
                    "fullyQualifiedType": "integer",
                    "length": 0,
                    "generator": "identity",
                    "scale": 0,
                    "isPrimaryKey": true,
                    "type": "integer",
                    "columnName": "ID"
                },
                {
                    "isRelated": false,
                    "fieldName": "city",
                    "notNull": false,
                    "precision": 0,
                    "fullyQualifiedType": "string",
                    "length": 32,
                    "generator": "assigned",
                    "scale": 0,
                    "isPrimaryKey": false,
                    "type": "string",
                    "columnName": "CITY"
                },
                {
                    "isRelated": false,
                    "fieldName": "email",
                    "notNull": false,
                    "defaultValue": "",
                    "precision": 0,
                    "fullyQualifiedType": "string",
                    "length": 255,
                    "generator": "assigned",
                    "scale": 0,
                    "isPrimaryKey": false,
                    "type": "string",
                    "columnName": "EMAIL"
                },
                {
                    "isRelated": false,
                    "fieldName": "name",
                    "notNull": true,
                    "precision": 0,
                    "fullyQualifiedType": "string",
                    "length": 32,
                    "generator": "assigned",
                    "scale": 0,
                    "isPrimaryKey": false,
                    "type": "string",
                    "columnName": "NAME"
                },
                {
                    "isRelated": false,
                    "fieldName": "officeAddress",
                    "notNull": false,
                    "defaultValue": "",
                    "precision": 0,
                    "fullyQualifiedType": "string",
                    "length": 555,
                    "generator": "assigned",
                    "scale": 0,
                    "isPrimaryKey": false,
                    "type": "string",
                    "columnName": "OFFICE_ADDRESS"
                },
                {
                    "isRelated": false,
                    "fieldName": "password",
                    "notNull": false,
                    "precision": 0,
                    "fullyQualifiedType": "string",
                    "length": 32,
                    "generator": "assigned",
                    "scale": 0,
                    "isPrimaryKey": false,
                    "type": "string",
                    "columnName": "PASSWORD"
                },
                {
                    "isRelated": false,
                    "fieldName": "phone",
                    "notNull": false,
                    "defaultValue": "",
                    "precision": 0,
                    "fullyQualifiedType": "string",
                    "length": 255,
                    "generator": "assigned",
                    "scale": 0,
                    "isPrimaryKey": false,
                    "type": "string",
                    "columnName": "PHONE"
                },
                {
                    "isRelated": false,
                    "fieldName": "picurl",
                    "notNull": false,
                    "precision": 0,
                    "fullyQualifiedType": "string",
                    "length": 1024,
                    "generator": "assigned",
                    "scale": 0,
                    "isPrimaryKey": false,
                    "type": "string",
                    "columnName": "PICURL"
                },
                {
                    "isRelated": false,
                    "fieldName": "role",
                    "notNull": false,
                    "precision": 0,
                    "fullyQualifiedType": "string",
                    "length": 32,
                    "generator": "assigned",
                    "scale": 0,
                    "isPrimaryKey": false,
                    "type": "string",
                    "columnName": "ROLE"
                },
                {
                    "isRelated": false,
                    "fieldName": "state",
                    "notNull": false,
                    "precision": 0,
                    "fullyQualifiedType": "string",
                    "length": 2,
                    "generator": "assigned",
                    "scale": 0,
                    "isPrimaryKey": false,
                    "type": "string",
                    "columnName": "STATE"
                },
                {
                    "isRelated": false,
                    "fieldName": "street",
                    "notNull": false,
                    "precision": 0,
                    "fullyQualifiedType": "string",
                    "length": 64,
                    "generator": "assigned",
                    "scale": 0,
                    "isPrimaryKey": false,
                    "type": "string",
                    "columnName": "STREET"
                },
                {
                    "isRelated": false,
                    "fieldName": "username",
                    "notNull": false,
                    "precision": 0,
                    "fullyQualifiedType": "string",
                    "length": 32,
                    "generator": "assigned",
                    "scale": 0,
                    "isPrimaryKey": false,
                    "type": "string",
                    "columnName": "USERNAME"
                },
                {
                    "isRelated": false,
                    "fieldName": "zip",
                    "notNull": false,
                    "precision": 0,
                    "fullyQualifiedType": "string",
                    "length": 6,
                    "generator": "assigned",
                    "scale": 0,
                    "isPrimaryKey": false,
                    "type": "string",
                    "columnName": "ZIP"
                }
            ],
            "entityName": "Reps",
            "primaryFields": ["id"],
            "fullyQualifiedName": "com.salesvision.salesvision.Reps"
        },
        "name": "LoggedInUserREPS",
        "dataBinding": [],
        "_id": "wm-LoggedInUserREPS-wm.LiveVariable-1580986026613",
        "category": "wm.LiveVariable",
        "operation": "read",
        "transformationRequired": false,
        "properties": [
            "repsByReportingHead",
            "states",
            "channels"
        ]
    },
    "mvGetRole": {
        "owner": "App",
        "saveInPhonegap": false,
        "twoWayBinding": false,
        "name": "mvGetRole",
        "dataBinding": [{
            "type": "string",
            "value": "bind:pageParams.role",
            "target": "dataValue"
        }],
        "_id": "wm-mvGetRole-wm.Variable-1585835293828",
        "category": "wm.Variable",
        "type": "string",
        "dataSet": {"dataValue": "TestPage"},
        "isList": false
    },
    "goToPage_ExistingCustomers": {
        "owner": "App",
        "name": "goToPage_ExistingCustomers",
        "dataBinding": [{
            "type": "string",
            "value": "ExistingCustomers",
            "target": "pageName"
        }],
        "_id": "wm-goToPage_ExistingCustomers-wm.NavigationVariable-1580981909720",
        "category": "wm.NavigationVariable",
        "operation": "gotoPage",
        "pageName": "ExistingCustomers",
        "dataSet": [{
            "type": "string",
            "value": "bind:Variables.mvGetRole.dataSet.dataValue",
            "target": "role"
        }],
        "pageTransitions": "none"
    },
    "goToPage_SalesPipeline": {
        "owner": "App",
        "name": "goToPage_SalesPipeline",
        "dataBinding": [{
            "type": "string",
            "value": "SalesPipeline",
            "target": "pageName"
        }],
        "_id": "wm-goToPage_SalesPipeline-wm.NavigationVariable-1580981194933",
        "category": "wm.NavigationVariable",
        "operation": "gotoPage",
        "pageName": "SalesPipeline",
        "dataSet": [{
            "type": "string",
            "value": "bind:Variables.mvGetRole.dataSet.dataValue",
            "target": "role"
        }],
        "pageTransitions": "none"
    },
    "goToPage_PartialPage": {
        "owner": "App",
        "name": "goToPage_PartialPage",
        "dataBinding": [],
        "_id": "wm-goToPage_PartialPage-wm.NavigationVariable-1648531762811",
        "category": "wm.NavigationVariable",
        "operation": "gotoPage",
        "pageName": "PartialPage",
        "dataSet": [],
        "pageTransitions": "none"
    },
    "loggedInUser": {
        "owner": "App",
        "saveInPhonegap": false,
        "twoWayBinding": false,
        "name": "loggedInUser",
        "dataBinding": [],
        "_id": "wm-loggedInUser-wm.Variable-1635485548731",
        "category": "wm.Variable",
        "type": "string",
        "dataSet": {
            "isSecurityEnabled": true,
            "roles": [],
            "name": "",
            "tenantId": "",
            "id": "",
            "isAuthenticated": false
        },
        "isList": false
    },
    "getLeadsCount": {
        "owner": "App",
        "saveInPhonegap": false,
        "twoWayBinding": false,
        "name": "getLeadsCount",
        "dataBinding": [],
        "_id": "wm-getLeadsCount-wm.Variable-1582628064846",
        "category": "wm.Variable",
        "type": "number",
        "dataSet": {"dataValue": 0},
        "isList": false
    },
    "goToPage_ValidationChanges": {
        "owner": "App",
        "name": "goToPage_ValidationChanges",
        "dataBinding": [],
        "_id": "wm-goToPage_ValidationChanges-wm.NavigationVariable-1637129933769",
        "category": "wm.NavigationVariable",
        "operation": "gotoPage",
        "pageName": "ValidationChanges",
        "dataSet": [],
        "pageTransitions": "none"
    },
    "supportedLocale": {
        "owner": "App",
        "saveInPhonegap": false,
        "twoWayBinding": false,
        "name": "supportedLocale",
        "dataBinding": [],
        "_id": "wm-wm.Variable1402640443182",
        "category": "wm.Variable",
        "type": "string",
        "dataSet": {
            "hi": "हिंदी",
            "te": "తెలుగు",
            "en": "English",
            "en-gb": "English (United Kingdom)"
        },
        "isList": false
    },
    "goToPage_ManagerSalesPipeline": {
        "owner": "App",
        "name": "goToPage_ManagerSalesPipeline",
        "dataBinding": [{
            "type": "string",
            "value": "ManagerSalesPipeline",
            "target": "pageName"
        }],
        "_id": "wm-goToPage_ManagerSalesPipeline-wm.NavigationVariable-1581063525022",
        "category": "wm.NavigationVariable",
        "operation": "gotoPage",
        "pageName": "ManagerSalesPipeline",
        "dataSet": [{
            "type": "string",
            "value": "bind:Variables.mvGetRole.dataSet.dataValue",
            "target": "role"
        }],
        "pageTransitions": "none"
    },
    "goToPage_BindingChanges": {
        "owner": "App",
        "name": "goToPage_BindingChanges",
        "dataBinding": [],
        "_id": "wm-goToPage_BindingChanges-wm.NavigationVariable-1637128891081",
        "category": "wm.NavigationVariable",
        "operation": "gotoPage",
        "pageName": "BindingChanges",
        "dataSet": [],
        "pageTransitions": "none"
    },
    "loggedInUserNo": {
        "owner": "App",
        "saveInPhonegap": false,
        "twoWayBinding": false,
        "name": "loggedInUserNo",
        "dataBinding": [
            {
                "value": "bind:pageParams.role=='salesHead'?'sally.jones':'amanda.brown'",
                "target": "name"
            },
            {
                "value": "bind:pageParams.role=='salesHead'?9:1",
                "target": "id"
            },
            {
                "value": "bind:pageParams.role=='salesHead'?['manager']:['user']",
                "target": "roles"
            }
        ],
        "_id": "wm-loggedInUser-wm.Variable-1580885196641",
        "category": "wm.Variable",
        "type": "string",
        "dataSet": {
            "isSecurityEnabled": true,
            "roles": [],
            "name": "",
            "tenantId": "",
            "id": "",
            "isAuthenticated": false
        },
        "isList": false
    },
    "goToPage_Main": {
        "owner": "App",
        "name": "goToPage_Main",
        "_id": "wm-wm.NavigationVariable1389180517517",
        "category": "wm.NavigationVariable",
        "operation": "gotoPage",
        "pageName": "Main"
    },
    "goToPage_Dashboard": {
        "owner": "App",
        "name": "goToPage_Dashboard",
        "dataBinding": [{
            "type": "string",
            "value": "Dashboard",
            "target": "pageName"
        }],
        "_id": "wm-goToPage_DashboardCopy-wm.NavigationVariable-1580967697081",
        "category": "wm.NavigationVariable",
        "operation": "gotoPage",
        "pageName": "Dashboard",
        "dataSet": [{
            "type": "string",
            "value": "bind:Variables.mvGetRole.dataSet.dataValue",
            "target": "role"
        }],
        "pageTransitions": "none"
    },
    "goToPage_LocalizationChanges": {
        "owner": "App",
        "name": "goToPage_LocalizationChanges",
        "dataBinding": [],
        "_id": "wm-goToPage_LocalizationChanges-wm.NavigationVariable-1637125767348",
        "category": "wm.NavigationVariable",
        "operation": "gotoPage",
        "pageName": "LocalizationChanges",
        "dataSet": [],
        "pageTransitions": "none"
    },
    "weeklySalesTarget": {
        "owner": "App",
        "saveInPhonegap": false,
        "twoWayBinding": false,
        "name": "weeklySalesTarget",
        "dataBinding": [],
        "_id": "wm-weeklySalesTarget-wm.Variable-1582626187500",
        "category": "wm.Variable",
        "type": "number",
        "dataSet": {"dataValue": 25000},
        "isList": false
    },
    "goToPage_MyProfile": {
        "owner": "App",
        "name": "goToPage_MyProfile",
        "dataBinding": [{
            "type": "string",
            "value": "MyProfile",
            "target": "pageName"
        }],
        "_id": "wm-goToPage_Profiles-wm.NavigationVariable-1580983171193",
        "category": "wm.NavigationVariable",
        "operation": "gotoPage",
        "pageName": "MyProfile",
        "dataSet": [{
            "type": "string",
            "value": "bind:Variables.mvGetRole.dataSet.dataValue",
            "target": "role"
        }],
        "pageTransitions": "none"
    },
    "goToPage_MyTeam": {
        "owner": "App",
        "name": "goToPage_MyTeam",
        "dataBinding": [{
            "type": "string",
            "value": "MyTeam",
            "target": "pageName"
        }],
        "_id": "wm-goToPage_ManagerProfile-wm.NavigationVariable-1581051539508",
        "category": "wm.NavigationVariable",
        "operation": "gotoPage",
        "pageName": "MyTeam",
        "dataSet": [{
            "type": "string",
            "value": "bind:Variables.mvGetRole.dataSet.dataValue",
            "target": "role"
        }],
        "pageTransitions": "none"
    }
}
