{
  "basePath" : "${rest.googleapis.basepath}",
  "paths" : {
    "/api/directions/xml" : {
      "x-WM-BASE_PATH" : "/api/directions/xml",
      "x-WM-TAG" : "RestServiceVirtualController",
      "x-WM-RELATIVE_PATH" : "",
      "get" : {
        "x-WM-METHOD_NAME" : "invoke",
        "x-WM-ACCESS_SPECIFIER" : "APP_ONLY",
        "produces" : [ "application/xml" ],
        "operationId" : "googleapis_RestServiceVirtualController-invoke",
        "responses" : {
          "200" : {
            "schema" : {
              "$ref" : "#/definitions/RootResponse"
            },
            "description" : "Success"
          }
        },
        "parameters" : [ {
          "x-WM-EDITABLE" : false,
          "in" : "query",
          "name" : "origin",
          "format" : "string",
          "description" : "origin",
          "type" : "string",
          "required" : false
        }, {
          "x-WM-EDITABLE" : false,
          "in" : "query",
          "name" : "destination",
          "format" : "string",
          "description" : "destination",
          "type" : "string",
          "required" : false
        }, {
          "x-WM-EDITABLE" : false,
          "in" : "query",
          "name" : "sensor",
          "format" : "string",
          "description" : "sensor",
          "type" : "string",
          "required" : false
        } ],
        "tags" : [ "RestServiceVirtualController" ],
        "consumes" : [ "application/json" ]
      },
      "x-WM-COMPLETE_PATH" : "${rest.googleapis.scheme}://${rest.googleapis.host}${rest.googleapis.basepath}/api/directions/xml"
    }
  },
  "host" : "${rest.googleapis.host}",
  "schemes" : [ "${rest.googleapis.scheme}" ],
  "definitions" : {
    "RootResponse" : {
      "x-WM-FULLY_QUALIFIED_NAME" : "googleapis.RootResponse",
      "x-WM-TAGS" : [ "RestServiceVirtualController" ],
      "required" : [ "error_message", "status" ],
      "properties" : {
        "error_message" : {
          "type" : "string"
        },
        "status" : {
          "type" : "string"
        }
      }
    }
  },
  "swagger" : "2.0",
  "info" : {
    "x-WM-USE_PROXY_FOR_WEB" : true,
    "x-WM-USE_PROXY_FOR_MOBILE" : true,
    "x-WM-API_ID" : "13e17d53-df1b-484d-b9a9-aa9f6b33f4cc",
    "x-WM-SERVICE_ID" : "googleapis",
    "version" : "2.0",
    "x-WM-SERVICE_TYPE" : "RestService",
    "x-WM-USE_WITH_CREDENTIALS" : false
  },
  "tags" : [ {
    "name" : "RestServiceVirtualController",
    "description" : "Rest service swagger documentation"
  } ]
}
