{
  "staticVariableMode" : {
    "_id" : "wm-staticVariableMode-wm.Variable-1581942572758",
    "name" : "staticVariableMode",
    "owner" : "Page",
    "category" : "wm.Variable",
    "dataBinding" : [ ],
    "dataSet" : [ "count", "positions", "range", "steps", "values" ],
    "type" : "entry",
    "isList" : true,
    "twoWayBinding" : false,
    "saveInPhonegap" : false
  },
  "supportedLocale" : {
    "_id" : "wm-wm.Variable1402640443182",
    "name" : "supportedLocale",
    "owner" : "Page",
    "category" : "wm.Variable",
    "dataSet" : {
      "en" : "English"
    },
    "type" : "string",
    "isList" : false,
    "twoWayBinding" : false,
    "saveInPhonegap" : false
  },
  "testProperty" : {
    "_id" : "wm-testProperty-wm.ServiceVariable-1561094178676",
    "name" : "testProperty",
    "owner" : "Page",
    "category" : "wm.ServiceVariable",
    "dataBinding" : [ {
      "target" : "origin",
      "value" : "Toronto",
      "type" : "string"
    }, {
      "target" : "destination",
      "value" : "Montreal",
      "type" : "string"
    }, {
      "target" : "sensor",
      "value" : "false",
      "type" : "string"
    } ],
    "type" : "googleapis.RootResponse",
    "service" : "googleapis",
    "operation" : "invoke",
    "operationId" : "googleapis_RestServiceVirtualController-invoke",
    "operationType" : "get",
    "serviceType" : "RestService",
    "dataSet" : [ ],
    "isList" : false,
    "maxResults" : 20,
    "startUpdate" : true,
    "autoUpdate" : true,
    "inFlightBehavior" : "executeLast",
    "transformationRequired" : false,
    "saveInPhonegap" : false,
    "controller" : "RestServiceVirtual"
  }
}