{
  "endpointAddress" : "http://3.16.51.2:8006/personatics",
  "method" : "GET",
  "headers" : { },
  "redirectEnabled" : true,
  "requestBody" : "",
  "queryParams" : {
    "demoUser" : "Robert.Parker"
  },
  "authDetails" : null,
  "contentType" : "application/json",
  "multiParamInfoList" : null,
  "sampleHttpResponseDetails" : {
    "statusCode" : 200,
    "headers" : {
      "Content-Type" : [ "application/json" ],
      "Connection" : [ "close" ],
      "Date" : [ "Fri, 19 Aug 2022 05:46:29 GMT" ],
      "Transfer-Encoding" : [ "chunked" ]
    },
    "responseBody" : "{\"personatics\":[{\"id\":\"1\",\"personaticName\":\"New Service\",\"primaryText\":\"Spending Insights is a new breed of banking solution that puts your needs first.\",\"secondaryDetails\":[{\"secondaryTextTittle\":\"Breathe easy about money matters\",\"secondaryText\":\"Spending Insights is a new service that helps you manage your money with timely tips personalized just for you.\",\"secondaryTextImg\":\"resources/images/imagelists/FISInsights.breathe_easy.png\"}],\"smallImage\":\"resources/images/imagelists/new_service_small-n.png\",\"largeImage\":\"resources/images/imagelists/new_service_large.png\",\"date\":\"2022-08-12T05:46:29.377Z\",\"partial_type\":\"new_service\",\"secondaryText\":\"Your account activity doesn't usually show payments to these merchants and we wanted to keep you informed.\",\"secondaryTextTittle\":\"Your Account has recently been debited by 2 places you don't often shop.\",\"detailsOfPurchaseTittle\":\"Details of purchases:\",\"detailsOfPurchase\":[{\"purchasedFrom\":\"Sherwin Willams\",\"purchasedDate\":\"09/28/2021\",\"purchasedAmount\":\"21.58\",\"purchasedAccount\":\"*3090\",\"purchaseSmallIcon\":\"\"}],\"accTittle\":\"\",\"accNum\":\"\",\"accIcon\":\"\",\"accSummaryTittle\":\"NEW PLACES\",\"debitTittle\":\"Merchants\",\"numberOfPlacesDebited\":\"2\",\"totalAmountTitle\":\"Total Amount\",\"totalAmountDebited\":\"36.21\",\"no_of_payments\":\"4 PAYMENTS\",\"paymentsTotal\":\"1282.05\",\"no_of_receivables\":\"2 Receivables\",\"receivablesTotal\":\"3280.63\",\"accName\":\"EveryDay Checking\",\"accBal\":\"31379.61\",\"spotify_icon\":\"resources/images/imagelists/FISInsights.SpotifyImage.png\",\"subscription_charges\":\"9.99\",\"subscribed_to\":\"PAYPAL *SPOTIFY\",\"unsubscrption_link\":\"https://support.spotify.com/us/article/cancel-premium/\",\"consumer_details\":[{\"consumer_name\":\"SHOPPING\",\"consumer_icon\":\"resources/images/imagelists/icons/shoping_icon.png\",\"consumer_avg_budget\":\"1595\",\"consumer_avg_period\":\"Monthly Avg.\",\"consumer_lastmonth_spenings_percentage\":\"134%\",\"isRecommendedForBudget\":true}],\"cashflowAccDetails\":[{\"accName\":\"\",\"accNum\":\"\",\"noOfAccounts\":\"4 Accounts\",\"total_cash_flow\":\"-1066\",\"cashFlowAccTrns\":[{\"tranMonth\":\"2022-8-19\",\"tranDetails\":[{\"trnId\":\"0\",\"trnType\":\"in_flow\",\"trnMerchant\":\"TARGET DU\",\"trnAmount\":\"100\",\"trnDate\":\"2022-01-04\"}],\"avgMonthlyBal\":\"811\",\"changeFromAvg\":\"1481\"}]}]}]}",
    "convertedResponse" : null
  }
}