{
  "getTopSellingPolicies" : {
    "_id" : "wm-getTopSellingPolicies-wm.ServiceVariable-1582625657794",
    "name" : "getTopSellingPolicies",
    "owner" : "Page",
    "category" : "wm.ServiceVariable",
    "dataBinding" : [ ],
    "type" : "com.salesvision.salesvision.models.query.GetTopSellingSalesResponse",
    "service" : "SalesVision",
    "operation" : "executeGetTopSellingSales",
    "operationId" : "QueryExecutionController_executeGetTopSellingSales",
    "operationType" : "get",
    "serviceType" : "DataService",
    "dataSet" : [ ],
    "isList" : true,
    "maxResults" : 20,
    "startUpdate" : true,
    "autoUpdate" : true,
    "inFlightBehavior" : "executeLast",
    "transformationRequired" : false,
    "saveInPhonegap" : false,
    "controller" : "QueryExecution"
  },
  "GetUpcomingSales" : {
    "_id" : "wm-GetUpcomingSales-wm.LiveVariable-1581405682439",
    "name" : "GetUpcomingSales",
    "owner" : "Page",
    "category" : "wm.LiveVariable",
    "dataBinding" : [ ],
    "operation" : "read",
    "dataSet" : [ ],
    "type" : "Sales",
    "isList" : false,
    "saveInPhonegap" : false,
    "maxResults" : 20,
    "designMaxResults" : 10,
    "inFlightBehavior" : "executeLast",
    "startUpdate" : true,
    "autoUpdate" : false,
    "transformationRequired" : false,
    "liveSource" : "SalesVision",
    "ignoreCase" : true,
    "matchMode" : "startignorecase",
    "orderBy" : "id asc",
    "propertiesMap" : {
      "columns" : [ {
        "fieldName" : "products",
        "type" : "integer",
        "fullyQualifiedType" : "integer",
        "columnName" : "PRODUCT_ID",
        "isPrimaryKey" : false,
        "notNull" : false,
        "length" : 0,
        "precision" : 10,
        "generator" : "assigned",
        "isRelated" : true,
        "relatedTableName" : "PRODUCTS",
        "relatedEntityName" : "Products",
        "relatedColumnName" : "productId",
        "relatedFieldName" : "products.id",
        "isList" : false,
        "targetTable" : "PRODUCTS",
        "scale" : 0,
        "columns" : [ {
          "fieldName" : "id",
          "type" : "integer",
          "fullyQualifiedType" : "integer",
          "columnName" : "ID",
          "isPrimaryKey" : true,
          "notNull" : true,
          "length" : 0,
          "precision" : 10,
          "generator" : "identity",
          "isRelated" : false,
          "scale" : 0
        }, {
          "fieldName" : "name",
          "type" : "string",
          "fullyQualifiedType" : "string",
          "columnName" : "NAME",
          "isPrimaryKey" : false,
          "notNull" : true,
          "length" : 40,
          "precision" : 0,
          "generator" : "assigned",
          "isRelated" : false,
          "scale" : 0
        } ]
      }, {
        "fieldName" : "quotes",
        "type" : "integer",
        "fullyQualifiedType" : "integer",
        "columnName" : "QUOTE_ID",
        "isPrimaryKey" : false,
        "notNull" : false,
        "length" : 0,
        "precision" : 10,
        "generator" : "assigned",
        "isRelated" : true,
        "relatedTableName" : "QUOTES",
        "relatedEntityName" : "Quotes",
        "relatedColumnName" : "quoteId",
        "relatedFieldName" : "quotes.id",
        "isList" : false,
        "targetTable" : "QUOTES",
        "scale" : 0,
        "columns" : [ {
          "fieldName" : "reps",
          "type" : "integer",
          "fullyQualifiedType" : "integer",
          "columnName" : "REP_ID",
          "isPrimaryKey" : false,
          "notNull" : false,
          "length" : 0,
          "precision" : 10,
          "generator" : "assigned",
          "isRelated" : true,
          "relatedColumnName" : "repId",
          "targetTable" : "REPS",
          "scale" : 0
        }, {
          "fieldName" : "customers",
          "type" : "integer",
          "fullyQualifiedType" : "integer",
          "columnName" : "CUSTOMER_ID",
          "isPrimaryKey" : false,
          "notNull" : false,
          "length" : 0,
          "precision" : 10,
          "generator" : "assigned",
          "isRelated" : true,
          "defaultValue" : "",
          "relatedColumnName" : "customerId",
          "targetTable" : "CUSTOMERS",
          "scale" : 0
        }, {
          "fieldName" : "products",
          "type" : "integer",
          "fullyQualifiedType" : "integer",
          "columnName" : "PRODUCT_ID",
          "isPrimaryKey" : false,
          "notNull" : false,
          "length" : 0,
          "precision" : 10,
          "generator" : "assigned",
          "isRelated" : true,
          "defaultValue" : "",
          "relatedColumnName" : "productId",
          "targetTable" : "PRODUCTS",
          "scale" : 0
        }, {
          "fieldName" : "quoteStatus",
          "type" : "integer",
          "fullyQualifiedType" : "integer",
          "columnName" : "QUOTE_STATUS_REF",
          "isPrimaryKey" : false,
          "notNull" : false,
          "length" : 0,
          "precision" : 10,
          "generator" : "assigned",
          "isRelated" : true,
          "defaultValue" : "",
          "relatedColumnName" : "quoteStatusRef",
          "targetTable" : "QUOTE_STATUS",
          "scale" : 0
        }, {
          "fieldName" : "id",
          "type" : "integer",
          "fullyQualifiedType" : "integer",
          "columnName" : "ID",
          "isPrimaryKey" : true,
          "notNull" : true,
          "length" : 0,
          "precision" : 10,
          "generator" : "identity",
          "isRelated" : false,
          "scale" : 0
        }, {
          "fieldName" : "entryDate",
          "type" : "date",
          "fullyQualifiedType" : "date",
          "columnName" : "ENTRY_DATE",
          "isPrimaryKey" : false,
          "notNull" : false,
          "length" : 0,
          "precision" : 0,
          "generator" : "assigned",
          "isRelated" : false,
          "scale" : 0
        }, {
          "fieldName" : "estimatedSale",
          "type" : "integer",
          "fullyQualifiedType" : "integer",
          "columnName" : "ESTIMATED_SALE",
          "isPrimaryKey" : false,
          "notNull" : false,
          "length" : 0,
          "precision" : 10,
          "generator" : "assigned",
          "isRelated" : false,
          "scale" : 0
        }, {
          "fieldName" : "expectedCloseDate",
          "type" : "date",
          "fullyQualifiedType" : "date",
          "columnName" : "EXPECTED_CLOSE_DATE",
          "isPrimaryKey" : false,
          "notNull" : false,
          "length" : 0,
          "precision" : 0,
          "generator" : "assigned",
          "isRelated" : false,
          "scale" : 0
        }, {
          "fieldName" : "isSalesConverted",
          "type" : "boolean",
          "fullyQualifiedType" : "boolean",
          "columnName" : "IS_SALES_CONVERTED",
          "isPrimaryKey" : false,
          "notNull" : false,
          "length" : 0,
          "precision" : 1,
          "generator" : "assigned",
          "isRelated" : false,
          "scale" : 0
        } ]
      }, {
        "fieldName" : "id",
        "type" : "integer",
        "fullyQualifiedType" : "integer",
        "columnName" : "ID",
        "isPrimaryKey" : true,
        "notNull" : true,
        "length" : 0,
        "precision" : 10,
        "generator" : "identity",
        "isRelated" : false,
        "scale" : 0
      }, {
        "fieldName" : "comments",
        "type" : "string",
        "fullyQualifiedType" : "string",
        "columnName" : "COMMENTS",
        "isPrimaryKey" : false,
        "notNull" : false,
        "length" : 555,
        "precision" : 0,
        "generator" : "assigned",
        "isRelated" : false,
        "defaultValue" : "",
        "scale" : 0
      }, {
        "fieldName" : "entryDate",
        "type" : "date",
        "fullyQualifiedType" : "date",
        "columnName" : "ENTRY_DATE",
        "isPrimaryKey" : false,
        "notNull" : false,
        "length" : 0,
        "precision" : 0,
        "generator" : "assigned",
        "isRelated" : false,
        "scale" : 0
      }, {
        "fieldName" : "isRenewal",
        "type" : "boolean",
        "fullyQualifiedType" : "boolean",
        "columnName" : "IS_RENEWAL",
        "isPrimaryKey" : false,
        "notNull" : false,
        "length" : 0,
        "precision" : 1,
        "generator" : "assigned",
        "isRelated" : false,
        "scale" : 0
      }, {
        "fieldName" : "renewalPeriod",
        "type" : "integer",
        "fullyQualifiedType" : "integer",
        "columnName" : "RENEWAL_PERIOD",
        "isPrimaryKey" : false,
        "notNull" : false,
        "length" : 0,
        "precision" : 10,
        "generator" : "assigned",
        "isRelated" : false,
        "defaultValue" : "",
        "scale" : 0
      }, {
        "fieldName" : "sales",
        "type" : "integer",
        "fullyQualifiedType" : "integer",
        "columnName" : "SALES",
        "isPrimaryKey" : false,
        "notNull" : false,
        "length" : 0,
        "precision" : 10,
        "generator" : "assigned",
        "isRelated" : false,
        "scale" : 0
      } ],
      "entityName" : "Sales",
      "fullyQualifiedName" : "com.salesvision.salesvision.Sales",
      "tableType" : "TABLE",
      "primaryFields" : [ "id" ]
    },
    "bindCount" : 3,
    "tableName" : "SALES",
    "tableType" : "TABLE",
    "properties" : [ "products", "quotes" ],
    "relatedTables" : [ {
      "columnName" : "products",
      "relationName" : "products",
      "type" : "Products",
      "watchOn" : "SalesVisionProductsData",
      "package" : "com.salesvision.salesvision.Sales"
    }, {
      "columnName" : "quotes",
      "relationName" : "quotes",
      "type" : "Quotes",
      "watchOn" : "SalesVisionQuotesData",
      "package" : "com.salesvision.salesvision.Sales"
    } ],
    "filterFields" : { },
    "filterExpressions" : {
      "condition" : "AND",
      "rules" : [ {
        "target" : "quotes.repId",
        "type" : "integer",
        "matchMode" : "exact",
        "value" : "bind:Variables.loggedInUserNo.dataSet.id",
        "required" : false,
        "secondvalue" : "",
        "isFirst" : true
      }, {
        "target" : "isRenewal",
        "type" : "boolean",
        "matchMode" : "exact",
        "value" : true,
        "required" : false,
        "secondvalue" : ""
      } ]
    },
    "package" : "com.salesvision.salesvision.Sales"
  },
  "javaservicetest" : {
    "_id" : "wm-javaservicetest-wm.ServiceVariable-1637211356199",
    "name" : "javaservicetest",
    "owner" : "Page",
    "category" : "wm.ServiceVariable",
    "dataBinding" : [ {
      "target" : "name",
      "value" : "bind:\"IMPL\"",
      "type" : "string"
    } ],
    "type" : "string",
    "service" : "testJavaService",
    "operation" : "test",
    "operationId" : "TestJavaController_test",
    "operationType" : "get",
    "serviceType" : "JavaService",
    "dataSet" : [ ],
    "isList" : false,
    "maxResults" : 20,
    "startUpdate" : false,
    "autoUpdate" : true,
    "inFlightBehavior" : "executeLast",
    "transformationRequired" : false,
    "saveInPhonegap" : false,
    "controller" : "TestJava"
  },
  "QVGetDealStatus" : {
    "_id" : "wm-QVGetDealStatus-wm.ServiceVariable-1581506644424",
    "name" : "QVGetDealStatus",
    "owner" : "Page",
    "category" : "wm.ServiceVariable",
    "dataBinding" : [ {
      "target" : "reportingHead",
      "value" : "bind:Variables.loggedInUserNo.dataSet.id",
      "type" : "string"
    }, {
      "target" : "fromDate",
      "value" : "bind:getLastMonthDate();",
      "type" : "string"
    }, {
      "target" : "toDate",
      "value" : "bind:App.currentDate",
      "type" : "string"
    } ],
    "type" : "com.salesvision.salesvision.models.query.GetDealStatusResponse",
    "service" : "SalesVision",
    "operation" : "executeGetDealStatus",
    "operationId" : "QueryExecutionController_executeGetDealStatus",
    "operationType" : "get",
    "serviceType" : "DataService",
    "dataSet" : [ ],
    "isList" : true,
    "maxResults" : 20,
    "startUpdate" : true,
    "autoUpdate" : false,
    "inFlightBehavior" : "executeLast",
    "transformationRequired" : false,
    "saveInPhonegap" : false,
    "controller" : "QueryExecution"
  },
  "QVGetSalesSum" : {
    "_id" : "wm-QVGetSalesSum-wm.ServiceVariable-1581517495504",
    "name" : "QVGetSalesSum",
    "owner" : "Page",
    "category" : "wm.ServiceVariable",
    "dataBinding" : [ {
      "target" : "fromDate",
      "value" : "bind:getLastMonthDate()",
      "type" : "string"
    }, {
      "target" : "toDate",
      "value" : "bind:App.currentDate",
      "type" : "string"
    }, {
      "target" : "reportingHead",
      "value" : "bind:(Variables.loggedInUserNo.dataSet.roles[0]=='manager')?Variables.loggedInUserNo.dataSet.id:null",
      "type" : "string"
    }, {
      "target" : "repID",
      "value" : "bind:(Variables.loggedInUserNo.dataSet.roles[0]=='manager')?null:Variables.loggedInUserNo.dataSet.id",
      "type" : "string"
    } ],
    "type" : "com.salesvision.salesvision.models.query.GetSalesSumResponse",
    "service" : "SalesVision",
    "operation" : "executeGetSalesSum",
    "operationId" : "QueryExecutionController_executeGetSalesSum",
    "operationType" : "get",
    "serviceType" : "DataService",
    "dataSet" : [ ],
    "isList" : false,
    "maxResults" : 20,
    "startUpdate" : false,
    "autoUpdate" : true,
    "inFlightBehavior" : "executeLast",
    "transformationRequired" : false,
    "saveInPhonegap" : false,
    "controller" : "QueryExecution"
  },
  "QVGetTopPerformers" : {
    "_id" : "wm-QVGetTopPerformers-wm.ServiceVariable-1581488656537",
    "name" : "QVGetTopPerformers",
    "owner" : "Page",
    "category" : "wm.ServiceVariable",
    "dataBinding" : [ {
      "target" : "target",
      "value" : "bind:Variables.weeklySalesTarget.dataSet.dataValue *4",
      "type" : "string"
    }, {
      "target" : "reportingHeadId",
      "value" : "bind:Variables.loggedInUserNo.dataSet.id",
      "type" : "string"
    }, {
      "target" : "fromDate",
      "value" : "bind:getLastMonthDate()",
      "type" : "string"
    }, {
      "target" : "toDate",
      "value" : "bind:App.currentDate",
      "type" : "string"
    } ],
    "type" : "com.salesvision.salesvision.models.query.GetTopPerformersResponse",
    "service" : "SalesVision",
    "operation" : "executeGetTopPerformers",
    "operationId" : "QueryExecutionController_executeGetTopPerformers",
    "operationType" : "get",
    "serviceType" : "DataService",
    "dataSet" : [ ],
    "isList" : true,
    "maxResults" : 20,
    "orderBy" : "percent desc",
    "startUpdate" : true,
    "autoUpdate" : false,
    "inFlightBehavior" : "executeLast",
    "transformationRequired" : false,
    "saveInPhonegap" : false,
    "controller" : "QueryExecution"
  },
  "randomUserData" : {
    "_id" : "wm-randomUserData-wm.ServiceVariable-1637211091435",
    "name" : "randomUserData",
    "owner" : "Page",
    "category" : "wm.ServiceVariable",
    "dataBinding" : [ {
      "target" : "results",
      "value" : "10",
      "type" : "string"
    } ],
    "type" : "randomuser.RootResponse",
    "service" : "randomuser",
    "operation" : "invoke",
    "operationId" : "randomuser_RestServiceVirtualController-invoke",
    "operationType" : "get",
    "serviceType" : "RestService",
    "dataSet" : [ ],
    "isList" : false,
    "maxResults" : 20,
    "startUpdate" : true,
    "autoUpdate" : true,
    "inFlightBehavior" : "executeLast",
    "transformationRequired" : false,
    "saveInPhonegap" : false,
    "controller" : "RestServiceVirtual"
  },
  "RandomuserInvoke" : {
    "_id" : "wm-RandomuserInvoke-wm.ServiceVariable-1637211943576",
    "name" : "RandomuserInvoke",
    "owner" : "Page",
    "category" : "wm.ServiceVariable",
    "dataBinding" : [ {
      "target" : "results",
      "value" : "10",
      "type" : "java.lang.String"
    } ],
    "type" : "randomuser.RootResponse",
    "service" : "randomuser",
    "operation" : "invoke",
    "operationId" : "randomuser_RestServiceVirtualController-invoke",
    "operationType" : "get",
    "serviceType" : "RestService",
    "dataSet" : [ ],
    "isList" : false,
    "maxResults" : 20,
    "startUpdate" : true,
    "autoUpdate" : true,
    "inFlightBehavior" : "executeLast",
    "transformationRequired" : false,
    "saveInPhonegap" : false,
    "isDefault" : true,
    "controller" : "RestServiceVirtual"
  },
  "SalesChart" : {
    "_id" : "wm-SalesChart-wm.LiveVariable-1580979840157",
    "name" : "SalesChart",
    "owner" : "Page",
    "category" : "wm.LiveVariable",
    "dataBinding" : [ ],
    "operation" : "read",
    "dataSet" : [ ],
    "type" : "Sales",
    "isList" : false,
    "saveInPhonegap" : false,
    "maxResults" : 20,
    "designMaxResults" : 10,
    "inFlightBehavior" : "executeLast",
    "startUpdate" : true,
    "autoUpdate" : false,
    "transformationRequired" : false,
    "liveSource" : "SalesVision",
    "ignoreCase" : true,
    "matchMode" : "startignorecase",
    "orderBy" : "id asc",
    "propertiesMap" : {
      "columns" : [ {
        "fieldName" : "products",
        "type" : "integer",
        "fullyQualifiedType" : "integer",
        "columnName" : "PRODUCT_ID",
        "isPrimaryKey" : false,
        "notNull" : false,
        "length" : 0,
        "precision" : 10,
        "generator" : "assigned",
        "isRelated" : true,
        "relatedTableName" : "PRODUCTS",
        "relatedEntityName" : "Products",
        "relatedColumnName" : "productId",
        "relatedFieldName" : "products.id",
        "isList" : false,
        "targetTable" : "PRODUCTS",
        "scale" : 0,
        "columns" : [ {
          "fieldName" : "id",
          "type" : "integer",
          "fullyQualifiedType" : "integer",
          "columnName" : "ID",
          "isPrimaryKey" : true,
          "notNull" : true,
          "length" : 0,
          "precision" : 10,
          "generator" : "identity",
          "isRelated" : false,
          "scale" : 0
        }, {
          "fieldName" : "name",
          "type" : "string",
          "fullyQualifiedType" : "string",
          "columnName" : "NAME",
          "isPrimaryKey" : false,
          "notNull" : true,
          "length" : 40,
          "precision" : 0,
          "generator" : "assigned",
          "isRelated" : false,
          "scale" : 0
        } ]
      }, {
        "fieldName" : "quotes",
        "type" : "integer",
        "fullyQualifiedType" : "integer",
        "columnName" : "QUOTE_ID",
        "isPrimaryKey" : false,
        "notNull" : false,
        "length" : 0,
        "precision" : 10,
        "generator" : "assigned",
        "isRelated" : true,
        "relatedTableName" : "QUOTES",
        "relatedEntityName" : "Quotes",
        "relatedColumnName" : "quoteId",
        "relatedFieldName" : "quotes.id",
        "isList" : false,
        "targetTable" : "QUOTES",
        "scale" : 0,
        "columns" : [ {
          "fieldName" : "reps",
          "type" : "integer",
          "fullyQualifiedType" : "integer",
          "columnName" : "REP_ID",
          "isPrimaryKey" : false,
          "notNull" : false,
          "length" : 0,
          "precision" : 10,
          "generator" : "assigned",
          "isRelated" : true,
          "relatedColumnName" : "repId",
          "targetTable" : "REPS",
          "scale" : 0
        }, {
          "fieldName" : "customers",
          "type" : "integer",
          "fullyQualifiedType" : "integer",
          "columnName" : "CUSTOMER_ID",
          "isPrimaryKey" : false,
          "notNull" : false,
          "length" : 0,
          "precision" : 10,
          "generator" : "assigned",
          "isRelated" : true,
          "defaultValue" : "",
          "relatedColumnName" : "customerId",
          "targetTable" : "CUSTOMERS",
          "scale" : 0
        }, {
          "fieldName" : "products",
          "type" : "integer",
          "fullyQualifiedType" : "integer",
          "columnName" : "PRODUCT_ID",
          "isPrimaryKey" : false,
          "notNull" : false,
          "length" : 0,
          "precision" : 10,
          "generator" : "assigned",
          "isRelated" : true,
          "defaultValue" : "",
          "relatedColumnName" : "productId",
          "targetTable" : "PRODUCTS",
          "scale" : 0
        }, {
          "fieldName" : "quoteStatus",
          "type" : "integer",
          "fullyQualifiedType" : "integer",
          "columnName" : "QUOTE_STATUS_REF",
          "isPrimaryKey" : false,
          "notNull" : false,
          "length" : 0,
          "precision" : 10,
          "generator" : "assigned",
          "isRelated" : true,
          "defaultValue" : "",
          "relatedColumnName" : "quoteStatusRef",
          "targetTable" : "QUOTE_STATUS",
          "scale" : 0
        }, {
          "fieldName" : "id",
          "type" : "integer",
          "fullyQualifiedType" : "integer",
          "columnName" : "ID",
          "isPrimaryKey" : true,
          "notNull" : true,
          "length" : 0,
          "precision" : 10,
          "generator" : "identity",
          "isRelated" : false,
          "scale" : 0
        }, {
          "fieldName" : "entryDate",
          "type" : "date",
          "fullyQualifiedType" : "date",
          "columnName" : "ENTRY_DATE",
          "isPrimaryKey" : false,
          "notNull" : false,
          "length" : 0,
          "precision" : 0,
          "generator" : "assigned",
          "isRelated" : false,
          "scale" : 0
        }, {
          "fieldName" : "estimatedSale",
          "type" : "integer",
          "fullyQualifiedType" : "integer",
          "columnName" : "ESTIMATED_SALE",
          "isPrimaryKey" : false,
          "notNull" : false,
          "length" : 0,
          "precision" : 10,
          "generator" : "assigned",
          "isRelated" : false,
          "scale" : 0
        }, {
          "fieldName" : "expectedCloseDate",
          "type" : "date",
          "fullyQualifiedType" : "date",
          "columnName" : "EXPECTED_CLOSE_DATE",
          "isPrimaryKey" : false,
          "notNull" : false,
          "length" : 0,
          "precision" : 0,
          "generator" : "assigned",
          "isRelated" : false,
          "scale" : 0
        }, {
          "fieldName" : "isSalesConverted",
          "type" : "boolean",
          "fullyQualifiedType" : "boolean",
          "columnName" : "IS_SALES_CONVERTED",
          "isPrimaryKey" : false,
          "notNull" : false,
          "length" : 0,
          "precision" : 1,
          "generator" : "assigned",
          "isRelated" : false,
          "scale" : 0
        } ]
      }, {
        "fieldName" : "id",
        "type" : "integer",
        "fullyQualifiedType" : "integer",
        "columnName" : "ID",
        "isPrimaryKey" : true,
        "notNull" : true,
        "length" : 0,
        "precision" : 10,
        "generator" : "identity",
        "isRelated" : false,
        "scale" : 0
      }, {
        "fieldName" : "comments",
        "type" : "string",
        "fullyQualifiedType" : "string",
        "columnName" : "COMMENTS",
        "isPrimaryKey" : false,
        "notNull" : false,
        "length" : 555,
        "precision" : 0,
        "generator" : "assigned",
        "isRelated" : false,
        "defaultValue" : "",
        "scale" : 0
      }, {
        "fieldName" : "entryDate",
        "type" : "date",
        "fullyQualifiedType" : "date",
        "columnName" : "ENTRY_DATE",
        "isPrimaryKey" : false,
        "notNull" : false,
        "length" : 0,
        "precision" : 0,
        "generator" : "assigned",
        "isRelated" : false,
        "scale" : 0
      }, {
        "fieldName" : "isRenewal",
        "type" : "boolean",
        "fullyQualifiedType" : "boolean",
        "columnName" : "IS_RENEWAL",
        "isPrimaryKey" : false,
        "notNull" : false,
        "length" : 0,
        "precision" : 1,
        "generator" : "assigned",
        "isRelated" : false,
        "scale" : 0
      }, {
        "fieldName" : "renewalPeriod",
        "type" : "integer",
        "fullyQualifiedType" : "integer",
        "columnName" : "RENEWAL_PERIOD",
        "isPrimaryKey" : false,
        "notNull" : false,
        "length" : 0,
        "precision" : 10,
        "generator" : "assigned",
        "isRelated" : false,
        "defaultValue" : "",
        "scale" : 0
      }, {
        "fieldName" : "sales",
        "type" : "integer",
        "fullyQualifiedType" : "integer",
        "columnName" : "SALES",
        "isPrimaryKey" : false,
        "notNull" : false,
        "length" : 0,
        "precision" : 10,
        "generator" : "assigned",
        "isRelated" : false,
        "scale" : 0
      } ],
      "entityName" : "Sales",
      "fullyQualifiedName" : "com.salesvision.salesvision.Sales",
      "tableType" : "TABLE",
      "primaryFields" : [ "id" ]
    },
    "bindCount" : 1,
    "tableName" : "SALES",
    "tableType" : "TABLE",
    "properties" : [ "products", "quotes" ],
    "relatedTables" : [ {
      "columnName" : "products",
      "relationName" : "products",
      "type" : "Products",
      "watchOn" : "SalesVisionProductsData",
      "package" : "com.salesvision.salesvision.Sales"
    }, {
      "columnName" : "quotes",
      "relationName" : "quotes",
      "type" : "Quotes",
      "watchOn" : "SalesVisionQuotesData",
      "package" : "com.salesvision.salesvision.Sales"
    } ],
    "filterFields" : { },
    "filterExpressions" : {
      "condition" : "AND",
      "rules" : [ {
        "target" : "",
        "type" : "string",
        "matchMode" : "anywhereignorecase",
        "value" : "",
        "required" : false,
        "secondvalue" : ""
      } ]
    },
    "package" : "com.salesvision.salesvision.Sales"
  },
  "SalesForceLogin" : {
    "_id" : "wm-SalesForceLogin-wm.ServiceVariable-1581589879996",
    "name" : "SalesForceLogin",
    "owner" : "Page",
    "category" : "wm.ServiceVariable",
    "dataBinding" : [ {
      "target" : "username",
      "value" : "sowmya.vootukuri@wavemaker.com",
      "type" : "string"
    }, {
      "target" : "password",
      "value" : "salesforce1PZOViGiUsNE75YWZkzYd6xMRu",
      "type" : "string"
    }, {
      "target" : "client_secret",
      "value" : "E829FBA5784C5591E1105A75ABCB2CD1624B60B443150FB98D3650D37E96AC44",
      "type" : "string"
    }, {
      "target" : "client_id",
      "value" : "3MVG9n_HvETGhr3D3gNFyPk0_DyOexJx0TYjZxuPpJrOql2YS3ReaYYtboe34HhKqkfm8hhoEqmNhqlwLF8s4",
      "type" : "string"
    }, {
      "target" : "grant_type",
      "value" : "password",
      "type" : "string"
    }, {
      "isList" : false,
      "target" : "RequestBody",
      "value" : "username:sowmya.vootukuri@wavemaker.com&\npassword:salesforce1PZOViGiUsNE75YWZkzYd6xMRu&\nclient_secret:E829FBA5784C5591E1105A75ABCB2CD1624B60B443150FB98D3650D37E96AC44&\nclient_id:3MVG9n_HvETGhr3D3gNFyPk0_DyOexJx0TYjZxuPpJrOql2YS3ReaYYtboe34HhKqkfm8hhoEqmNhqlwLF8s4&\ngrant_type:password",
      "type" : "salesforce.RootRequest"
    } ],
    "type" : "salesforce.RootResponse",
    "service" : "salesforce",
    "operation" : "invoke",
    "operationId" : "salesforce_RestServiceVirtualController-invoke",
    "operationType" : "post",
    "serviceType" : "RestService",
    "dataSet" : [ ],
    "isList" : false,
    "maxResults" : 20,
    "onSuccess" : "Variables.WSGetLeadsData.invoke()",
    "onError" : "SalesForceLoginonError(variable, data, options)",
    "startUpdate" : true,
    "autoUpdate" : false,
    "inFlightBehavior" : "executeLast",
    "transformationRequired" : false,
    "saveInPhonegap" : false,
    "controller" : "RestServiceVirtual"
  },
  "varChartsData" : {
    "_id" : "wm-varChartsData-wm.ServiceVariable-1586506970990",
    "name" : "varChartsData",
    "owner" : "Page",
    "category" : "wm.ServiceVariable",
    "dataBinding" : [ ],
    "type" : "com.salesvision.salesvision.models.query.ChartsaDataResponse",
    "service" : "SalesVision",
    "operation" : "executeChartsaData",
    "operationId" : "QueryExecutionController_executeChartsaData",
    "operationType" : "get",
    "serviceType" : "DataService",
    "dataSet" : [ ],
    "isList" : true,
    "maxResults" : 20,
    "startUpdate" : true,
    "autoUpdate" : true,
    "inFlightBehavior" : "executeLast",
    "transformationRequired" : false,
    "saveInPhonegap" : false,
    "controller" : "QueryExecution"
  },
  "WSGetLeadsData" : {
    "_id" : "wm-WSGetLeadsData-wm.ServiceVariable-1581589910241",
    "name" : "WSGetLeadsData",
    "owner" : "Page",
    "category" : "wm.ServiceVariable",
    "dataBinding" : [ {
      "target" : "q",
      "value" : "SELECT+NAME,Company,Phone,Email,City,State+from+LEAD",
      "type" : "string"
    }, {
      "target" : "Content-Type",
      "value" : [ "application/json" ],
      "type" : "string"
    }, {
      "target" : "Authorization",
      "value" : "bind:\"Bearer \"+Variables.SalesForceLogin.dataSet.access_token",
      "type" : "string"
    } ],
    "type" : "getLeadsData.RootResponse",
    "service" : "getLeadsData",
    "operation" : "invoke",
    "operationId" : "getLeadsData_RestServiceVirtualController-invoke",
    "operationType" : "get",
    "serviceType" : "RestService",
    "dataSet" : [ ],
    "isList" : false,
    "maxResults" : 20,
    "onSuccess" : "WSGetLeadsDataonSuccess(variable, data, options)",
    "startUpdate" : false,
    "autoUpdate" : false,
    "inFlightBehavior" : "executeLast",
    "transformationRequired" : false,
    "saveInPhonegap" : false,
    "controller" : "RestServiceVirtual"
  }
}