<?xml version="1.0" encoding="UTF-8" standalone="yes"?>
<beans xmlns="http://www.springframework.org/schema/beans" xmlns:security="http://www.springframework.org/schema/security" xmlns:xsi="http://www.w3.org/2001/XMLSchema-instance" xsi:schemaLocation="http://www.springframework.org/schema/beans http://www.springframework.org/schema/beans/spring-beans.xsd http://www.springframework.org/schema/mvc http://www.springframework.org/schema/mvc/spring-mvc.xsd http://www.springframework.org/schema/context http://www.springframework.org/schema/context/spring-context.xsd http://www.springframework.org/schema/tx http://www.springframework.org/schema/tx/spring-tx.xsd http://www.springframework.org/schema/security http://www.springframework.org/schema/security/spring-security.xsd">
    <bean class="com.wavemaker.runtime.rest.model.RestServiceInfoBean" id="salesforceServiceInfo">
        <property name="serviceName" value="salesforce"/>
        <property name="restRuntimeConfig" ref="appDefaultRestRuntimeConfig"/>
        <property name="entryList">
            <list>
                <bean class="com.wavemaker.runtime.rest.model.RestServiceInfoBeanEntry">
                    <property name="url" value="/salesforce/oauth2/token"/>
                    <property name="httpMethod" value="POST"/>
                </bean>
            </list>
        </property>
    </bean>
</beans>
