{
  "swagger" : "2.0",
  "info" : {
    "version" : "2.0",
    "x-WM-USE_PROXY_FOR_WEB" : true,
    "x-WM-USE_PROXY_FOR_MOBILE" : true,
    "x-WM-API_ID" : "b767674f-6372-417b-8c62-67e54434373d",
    "x-WM-SERVICE_ID" : "salesforce2",
    "x-WM-SERVICE_TYPE" : "RestService",
    "x-WM-USE_WITH_CREDENTIALS" : false
  },
  "host" : "ap16.salesforce.com",
  "basePath" : "",
  "tags" : [ {
    "name" : "RestServiceVirtualController",
    "description" : "Rest service swagger documentation"
  } ],
  "schemes" : [ "https" ],
  "paths" : {
    "/getLeadsData/data/v39.0/query/" : {
      "get" : {
        "tags" : [ "RestServiceVirtualController" ],
        "operationId" : "getLeadsData_RestServiceVirtualController-invoke",
        "consumes" : [ "application/json" ],
        "produces" : [ "application/json" ],
        "parameters" : [ {
          "name" : "Content-Type",
          "in" : "header",
          "description" : "Content-Type",
          "required" : false,
          "type" : "string",
          "items" : {
            "type" : "string"
          },
          "format" : "string",
          "x-WM-VARIABLE_KEY" : "",
          "x-WM-EDITABLE" : true,
          "x-WM-FULLY_QUALIFIED_TYPE" : "java.lang.String",
          "x-WM-VARIABLE_TYPE" : "PROMPT"
        }, {
          "name" : "Authorization",
          "in" : "header",
          "description" : "Authorization",
          "required" : false,
          "type" : "string",
          "items" : {
            "type" : "string"
          },
          "format" : "string",
          "x-WM-VARIABLE_KEY" : "",
          "x-WM-EDITABLE" : true,
          "x-WM-FULLY_QUALIFIED_TYPE" : "java.lang.String",
          "x-WM-VARIABLE_TYPE" : "PROMPT"
        }, {
          "name" : "q",
          "in" : "query",
          "description" : "q",
          "required" : false,
          "type" : "string",
          "format" : "string",
          "x-WM-VARIABLE_KEY" : "",
          "x-WM-EDITABLE" : false,
          "x-WM-VARIABLE_TYPE" : "PROMPT"
        } ],
        "responses" : {
          "200" : {
            "description" : "Success",
            "schema" : {
              "$ref" : "#/definitions/RootResponse"
            }
          }
        },
        "x-WM-METHOD_NAME" : "invoke",
        "x-WM-ACCESS_SPECIFIER" : "APP_ONLY"
      },
      "x-WM-BASE_PATH" : "/getLeadsData/data/v39.0/query/",
      "x-WM-TAG" : "RestServiceVirtualController",
      "x-WM-RELATIVE_PATH" : "",
      "x-WM-COMPLETE_PATH" : "${rest.getLeadsData.scheme}://${rest.getLeadsData.host}${rest.getLeadsData.basepath}/data/v39.0/query/"
    }
  },
  "definitions" : {
    "recordsEntryItem" : {
      "required" : [ "City", "Company", "Email", "Name", "Phone", "State", "attributes" ],
      "properties" : {
        "Company" : {
          "type" : "string"
        },
        "Email" : {
          "type" : "string"
        },
        "Phone" : {
          "type" : "string"
        },
        "State" : {
          "type" : "string"
        },
        "attributes" : {
          "$ref" : "#/definitions/attributes"
        },
        "City" : {
          "type" : "string"
        },
        "Name" : {
          "type" : "string"
        }
      },
      "x-WM-FULLY_QUALIFIED_NAME" : "getLeadsData.recordsEntryItem",
      "x-WM-TAGS" : [ "RestServiceVirtualController" ]
    },
    "attributes" : {
      "required" : [ "type", "url" ],
      "properties" : {
        "type" : {
          "type" : "string"
        },
        "url" : {
          "type" : "string"
        }
      },
      "x-WM-FULLY_QUALIFIED_NAME" : "getLeadsData.attributes",
      "x-WM-TAGS" : [ "RestServiceVirtualController" ]
    },
    "RootResponse" : {
      "required" : [ "done", "records", "totalSize" ],
      "properties" : {
        "totalSize" : {
          "type" : "integer",
          "format" : "int32"
        },
        "records" : {
          "type" : "array",
          "items" : {
            "$ref" : "#/definitions/recordsEntryItem"
          },
          "x-WM-IS_LIST" : true
        },
        "done" : {
          "type" : "boolean"
        }
      },
      "x-WM-FULLY_QUALIFIED_NAME" : "getLeadsData.RootResponse",
      "x-WM-TAGS" : [ "RestServiceVirtualController" ]
    }
  }
}
