{
  "cascadeEnabled" : false,
  "dataLockingOptions" : {
    "versionColumnName" : "VERSION",
    "lockingStrategy" : "NONE"
  },
  "description" : "SalesVision",
  "draft" : false,
  "name" : "SalesVision",
  "packageName" : "com.salesvision.salesvision",
  "tables" : [ {
    "catalog" : "SalesVision",
    "columns" : [ {
      "columnValue" : {
        "insertable" : true,
        "updatable" : true,
        "defaultValue" : null,
        "type" : "user-defined"
      },
      "constraintList" : null,
      "fieldName" : "id",
      "foreignKey" : false,
      "generatorType" : "identity",
      "generatorValue" : null,
      "hidden" : false,
      "javaType" : "integer",
      "length" : 0,
      "name" : "ID",
      "nullable" : false,
      "oldName" : "ID",
      "partOfAnyRelation" : false,
      "partOfForeignKey" : false,
      "partOfPrimaryKey" : true,
      "partOfUniqueKey" : true,
      "period" : false,
      "precision" : 10,
      "primaryKey" : true,
      "scale" : 0,
      "sequenceSchema" : null,
      "sqlType" : "number",
      "unique" : true
    }, {
      "columnValue" : {
        "insertable" : true,
        "updatable" : true,
        "defaultValue" : null,
        "type" : "user-defined"
      },
      "constraintList" : null,
      "fieldName" : "entryDate",
      "foreignKey" : false,
      "generatorType" : "assigned",
      "generatorValue" : null,
      "hidden" : false,
      "javaType" : "date",
      "length" : 0,
      "name" : "ENTRY_DATE",
      "nullable" : false,
      "oldName" : "ENTRY_DATE",
      "partOfAnyRelation" : false,
      "partOfForeignKey" : false,
      "partOfPrimaryKey" : false,
      "partOfUniqueKey" : false,
      "period" : false,
      "precision" : 0,
      "primaryKey" : false,
      "scale" : 0,
      "sequenceSchema" : null,
      "sqlType" : "date",
      "unique" : false
    }, {
      "columnValue" : {
        "insertable" : true,
        "updatable" : true,
        "defaultValue" : null,
        "type" : "user-defined"
      },
      "constraintList" : null,
      "fieldName" : "quoteId",
      "foreignKey" : true,
      "generatorType" : "assigned",
      "generatorValue" : null,
      "hidden" : false,
      "javaType" : "integer",
      "length" : 0,
      "name" : "QUOTE_ID",
      "nullable" : true,
      "oldName" : "QUOTE_ID",
      "partOfAnyRelation" : true,
      "partOfForeignKey" : true,
      "partOfPrimaryKey" : false,
      "partOfUniqueKey" : false,
      "period" : false,
      "precision" : 10,
      "primaryKey" : false,
      "scale" : 0,
      "sequenceSchema" : null,
      "sqlType" : "number",
      "unique" : false
    } ],
    "constraints" : [ ],
    "entityName" : "FollowUps",
    "filter" : null,
    "fullyQualifiedName" : "com.salesvision.salesvision.FollowUps",
    "ignoreRefreshAfterInsert" : false,
    "name" : "FOLLOW_UPS",
    "oldName" : "FOLLOW_UPS",
    "primaryKey" : {
      "columns" : [ "ID" ],
      "composite" : false,
      "generator" : {
        "generatorType" : "identity",
        "generatorValue" : null,
        "schemaName" : null
      },
      "name" : "PRIMARY",
      "virtual" : false
    },
    "relations" : [ {
      "cardinality" : "ManyToOne",
      "cascadeEnabled" : false,
      "cascadeOptions" : {
        "cascadeRemove" : "NONE",
        "cascadeReplace" : true
      },
      "columnsUniqueKey" : false,
      "composite" : false,
      "fetchOptions" : {
        "fetch" : true,
        "columnsFilter" : [ ]
      },
      "fieldName" : "quotes",
      "ignored" : false,
      "mappings" : [ {
        "sourceColumn" : "QUOTE_ID",
        "targetColumn" : "ID"
      } ],
      "name" : "FK_FOLLOW_UP_QUOTE_ID",
      "parentFetchOptions" : {
        "fetch" : false,
        "columnsFilter" : [ ]
      },
      "primary" : true,
      "selfRelation" : false,
      "sourceColumnsNotUniqueKey" : true,
      "sourceTable" : "FOLLOW_UPS",
      "targetColumnsUniqueKey" : false,
      "targetTable" : "QUOTES",
      "valid" : true,
      "virtual" : false
    } ],
    "schema" : null,
    "tableDataLockingOptions" : {
      "versionColumnName" : "VERSION",
      "lockingStrategy" : "NONE",
      "overrideStrategy" : "INHERIT"
    },
    "temporals" : [ ],
    "type" : "TABLE"
  }, {
    "catalog" : "SalesVision",
    "columns" : [ {
      "columnValue" : {
        "insertable" : true,
        "updatable" : true,
        "defaultValue" : null,
        "type" : "user-defined"
      },
      "constraintList" : null,
      "fieldName" : "id",
      "foreignKey" : false,
      "generatorType" : "identity",
      "generatorValue" : null,
      "hidden" : false,
      "javaType" : "integer",
      "length" : 0,
      "name" : "ID",
      "nullable" : false,
      "oldName" : "ID",
      "partOfAnyRelation" : false,
      "partOfForeignKey" : false,
      "partOfPrimaryKey" : true,
      "partOfUniqueKey" : true,
      "period" : false,
      "precision" : 10,
      "primaryKey" : true,
      "scale" : 0,
      "sequenceSchema" : null,
      "sqlType" : "number",
      "unique" : true
    }, {
      "columnValue" : {
        "insertable" : true,
        "updatable" : true,
        "defaultValue" : "",
        "type" : "user-defined"
      },
      "constraintList" : [ ],
      "fieldName" : "company",
      "foreignKey" : false,
      "generatorType" : "assigned",
      "generatorValue" : null,
      "hidden" : false,
      "javaType" : "string",
      "length" : 255,
      "name" : "COMPANY",
      "nullable" : true,
      "oldName" : "COMPANY",
      "partOfAnyRelation" : false,
      "partOfForeignKey" : false,
      "partOfPrimaryKey" : false,
      "partOfUniqueKey" : false,
      "period" : false,
      "precision" : 0,
      "primaryKey" : false,
      "scale" : 0,
      "sequenceSchema" : null,
      "sqlType" : "string",
      "unique" : false
    }, {
      "columnValue" : {
        "insertable" : true,
        "updatable" : true,
        "defaultValue" : null,
        "type" : "user-defined"
      },
      "constraintList" : null,
      "fieldName" : "name",
      "foreignKey" : false,
      "generatorType" : "assigned",
      "generatorValue" : null,
      "hidden" : false,
      "javaType" : "string",
      "length" : 32,
      "name" : "NAME",
      "nullable" : false,
      "oldName" : "NAME",
      "partOfAnyRelation" : false,
      "partOfForeignKey" : false,
      "partOfPrimaryKey" : false,
      "partOfUniqueKey" : false,
      "period" : false,
      "precision" : 0,
      "primaryKey" : false,
      "scale" : 0,
      "sequenceSchema" : null,
      "sqlType" : "string",
      "unique" : false
    }, {
      "columnValue" : {
        "insertable" : true,
        "updatable" : true,
        "defaultValue" : null,
        "type" : "user-defined"
      },
      "constraintList" : null,
      "fieldName" : "stateId",
      "foreignKey" : true,
      "generatorType" : "assigned",
      "generatorValue" : null,
      "hidden" : false,
      "javaType" : "integer",
      "length" : 0,
      "name" : "STATE_ID",
      "nullable" : true,
      "oldName" : "STATE_ID",
      "partOfAnyRelation" : true,
      "partOfForeignKey" : true,
      "partOfPrimaryKey" : false,
      "partOfUniqueKey" : false,
      "period" : false,
      "precision" : 10,
      "primaryKey" : false,
      "scale" : 0,
      "sequenceSchema" : null,
      "sqlType" : "number",
      "unique" : false
    } ],
    "constraints" : [ ],
    "entityName" : "Customers",
    "filter" : null,
    "fullyQualifiedName" : "com.salesvision.salesvision.Customers",
    "ignoreRefreshAfterInsert" : false,
    "name" : "CUSTOMERS",
    "oldName" : "CUSTOMERS",
    "primaryKey" : {
      "columns" : [ "ID" ],
      "composite" : false,
      "generator" : {
        "generatorType" : "identity",
        "generatorValue" : null,
        "schemaName" : null
      },
      "name" : "PRIMARY",
      "virtual" : false
    },
    "relations" : [ {
      "cardinality" : "ManyToOne",
      "cascadeEnabled" : false,
      "cascadeOptions" : {
        "cascadeRemove" : "NONE",
        "cascadeReplace" : true
      },
      "columnsUniqueKey" : false,
      "composite" : false,
      "fetchOptions" : {
        "fetch" : true,
        "columnsFilter" : [ ]
      },
      "fieldName" : "states",
      "ignored" : false,
      "mappings" : [ {
        "sourceColumn" : "STATE_ID",
        "targetColumn" : "ID"
      } ],
      "name" : "FK_CUSTOMER_STATE_ID",
      "parentFetchOptions" : {
        "fetch" : false,
        "columnsFilter" : [ ]
      },
      "primary" : true,
      "selfRelation" : false,
      "sourceColumnsNotUniqueKey" : true,
      "sourceTable" : "CUSTOMERS",
      "targetColumnsUniqueKey" : false,
      "targetTable" : "STATES",
      "valid" : true,
      "virtual" : false
    } ],
    "schema" : null,
    "tableDataLockingOptions" : {
      "versionColumnName" : "VERSION",
      "lockingStrategy" : "NONE",
      "overrideStrategy" : "INHERIT"
    },
    "temporals" : [ ],
    "type" : "TABLE"
  }, {
    "catalog" : "SalesVision",
    "columns" : [ {
      "columnValue" : {
        "insertable" : true,
        "updatable" : true,
        "defaultValue" : null,
        "type" : "user-defined"
      },
      "constraintList" : null,
      "fieldName" : "id",
      "foreignKey" : false,
      "generatorType" : "identity",
      "generatorValue" : null,
      "hidden" : false,
      "javaType" : "integer",
      "length" : 0,
      "name" : "ID",
      "nullable" : false,
      "oldName" : "ID",
      "partOfAnyRelation" : false,
      "partOfForeignKey" : false,
      "partOfPrimaryKey" : true,
      "partOfUniqueKey" : true,
      "period" : false,
      "precision" : 10,
      "primaryKey" : true,
      "scale" : 0,
      "sequenceSchema" : null,
      "sqlType" : "number",
      "unique" : true
    }, {
      "columnValue" : {
        "insertable" : true,
        "updatable" : true,
        "defaultValue" : null,
        "type" : "user-defined"
      },
      "constraintList" : null,
      "fieldName" : "name",
      "foreignKey" : false,
      "generatorType" : "assigned",
      "generatorValue" : null,
      "hidden" : false,
      "javaType" : "string",
      "length" : 255,
      "name" : "NAME",
      "nullable" : false,
      "oldName" : "NAME",
      "partOfAnyRelation" : false,
      "partOfForeignKey" : false,
      "partOfPrimaryKey" : false,
      "partOfUniqueKey" : false,
      "period" : false,
      "precision" : 0,
      "primaryKey" : false,
      "scale" : 0,
      "sequenceSchema" : null,
      "sqlType" : "string",
      "unique" : false
    } ],
    "constraints" : [ ],
    "entityName" : "Channels",
    "filter" : null,
    "fullyQualifiedName" : "com.salesvision.salesvision.Channels",
    "ignoreRefreshAfterInsert" : false,
    "name" : "CHANNELS",
    "oldName" : "CHANNELS",
    "primaryKey" : {
      "columns" : [ "ID" ],
      "composite" : false,
      "generator" : {
        "generatorType" : "identity",
        "generatorValue" : null,
        "schemaName" : null
      },
      "name" : "PRIMARY",
      "virtual" : false
    },
    "relations" : [ ],
    "schema" : null,
    "tableDataLockingOptions" : {
      "versionColumnName" : "VERSION",
      "lockingStrategy" : "NONE",
      "overrideStrategy" : "INHERIT"
    },
    "temporals" : [ ],
    "type" : "TABLE"
  }, {
    "catalog" : "SalesVision",
    "columns" : [ {
      "columnValue" : {
        "insertable" : true,
        "updatable" : true,
        "defaultValue" : null,
        "type" : "user-defined"
      },
      "constraintList" : null,
      "fieldName" : "id",
      "foreignKey" : false,
      "generatorType" : "identity",
      "generatorValue" : null,
      "hidden" : false,
      "javaType" : "integer",
      "length" : 0,
      "name" : "ID",
      "nullable" : false,
      "oldName" : "ID",
      "partOfAnyRelation" : false,
      "partOfForeignKey" : false,
      "partOfPrimaryKey" : true,
      "partOfUniqueKey" : true,
      "period" : false,
      "precision" : 10,
      "primaryKey" : true,
      "scale" : 0,
      "sequenceSchema" : null,
      "sqlType" : "number",
      "unique" : true
    }, {
      "columnValue" : {
        "insertable" : true,
        "updatable" : true,
        "defaultValue" : "",
        "type" : "user-defined"
      },
      "constraintList" : [ ],
      "fieldName" : "description",
      "foreignKey" : false,
      "generatorType" : "assigned",
      "generatorValue" : null,
      "hidden" : false,
      "javaType" : "string",
      "length" : 655,
      "name" : "DESCRIPTION",
      "nullable" : true,
      "oldName" : "DESCRIPTION",
      "partOfAnyRelation" : false,
      "partOfForeignKey" : false,
      "partOfPrimaryKey" : false,
      "partOfUniqueKey" : false,
      "period" : false,
      "precision" : 0,
      "primaryKey" : false,
      "scale" : 0,
      "sequenceSchema" : null,
      "sqlType" : "string",
      "unique" : false
    }, {
      "columnValue" : {
        "insertable" : true,
        "updatable" : true,
        "defaultValue" : "0",
        "type" : "user-defined"
      },
      "constraintList" : null,
      "fieldName" : "done",
      "foreignKey" : false,
      "generatorType" : "assigned",
      "generatorValue" : null,
      "hidden" : false,
      "javaType" : "boolean",
      "length" : 0,
      "name" : "DONE",
      "nullable" : true,
      "oldName" : "DONE",
      "partOfAnyRelation" : false,
      "partOfForeignKey" : false,
      "partOfPrimaryKey" : false,
      "partOfUniqueKey" : false,
      "period" : false,
      "precision" : 1,
      "primaryKey" : false,
      "scale" : 0,
      "sequenceSchema" : null,
      "sqlType" : "boolean",
      "unique" : false
    }, {
      "columnValue" : {
        "insertable" : true,
        "updatable" : true,
        "defaultValue" : null,
        "type" : "user-defined"
      },
      "constraintList" : null,
      "fieldName" : "duedate",
      "foreignKey" : false,
      "generatorType" : "assigned",
      "generatorValue" : null,
      "hidden" : false,
      "javaType" : "date",
      "length" : 0,
      "name" : "DUEDATE",
      "nullable" : true,
      "oldName" : "DUEDATE",
      "partOfAnyRelation" : false,
      "partOfForeignKey" : false,
      "partOfPrimaryKey" : false,
      "partOfUniqueKey" : false,
      "period" : false,
      "precision" : 0,
      "primaryKey" : false,
      "scale" : 0,
      "sequenceSchema" : null,
      "sqlType" : "date",
      "unique" : false
    }, {
      "columnValue" : {
        "insertable" : true,
        "updatable" : true,
        "defaultValue" : null,
        "type" : "user-defined"
      },
      "constraintList" : null,
      "fieldName" : "repId",
      "foreignKey" : true,
      "generatorType" : "assigned",
      "generatorValue" : null,
      "hidden" : false,
      "javaType" : "integer",
      "length" : 0,
      "name" : "REP_ID",
      "nullable" : true,
      "oldName" : "REP_ID",
      "partOfAnyRelation" : true,
      "partOfForeignKey" : true,
      "partOfPrimaryKey" : false,
      "partOfUniqueKey" : false,
      "period" : false,
      "precision" : 10,
      "primaryKey" : false,
      "scale" : 0,
      "sequenceSchema" : null,
      "sqlType" : "number",
      "unique" : false
    }, {
      "columnValue" : {
        "insertable" : true,
        "updatable" : true,
        "defaultValue" : "",
        "type" : "user-defined"
      },
      "constraintList" : [ ],
      "fieldName" : "taskPriorityRef",
      "foreignKey" : true,
      "generatorType" : "assigned",
      "generatorValue" : null,
      "hidden" : false,
      "javaType" : "integer",
      "length" : 0,
      "name" : "TASK_PRIORITY_REF",
      "nullable" : true,
      "oldName" : "TASK_PRIORITY_REF",
      "partOfAnyRelation" : true,
      "partOfForeignKey" : true,
      "partOfPrimaryKey" : false,
      "partOfUniqueKey" : false,
      "period" : false,
      "precision" : 10,
      "primaryKey" : false,
      "scale" : 0,
      "sequenceSchema" : null,
      "sqlType" : "number",
      "unique" : false
    } ],
    "constraints" : [ ],
    "entityName" : "Tasks",
    "filter" : null,
    "fullyQualifiedName" : "com.salesvision.salesvision.Tasks",
    "ignoreRefreshAfterInsert" : false,
    "name" : "TASKS",
    "oldName" : "TASKS",
    "primaryKey" : {
      "columns" : [ "ID" ],
      "composite" : false,
      "generator" : {
        "generatorType" : "identity",
        "generatorValue" : null,
        "schemaName" : null
      },
      "name" : "PRIMARY",
      "virtual" : false
    },
    "relations" : [ {
      "cardinality" : "ManyToOne",
      "cascadeEnabled" : false,
      "cascadeOptions" : {
        "cascadeRemove" : "NONE",
        "cascadeReplace" : true
      },
      "columnsUniqueKey" : false,
      "composite" : false,
      "fetchOptions" : {
        "fetch" : true,
        "columnsFilter" : [ ]
      },
      "fieldName" : "reps",
      "ignored" : false,
      "mappings" : [ {
        "sourceColumn" : "REP_ID",
        "targetColumn" : "ID"
      } ],
      "name" : "FK_BYCIJAABMA9A2AEHPR4RV9PMY",
      "parentFetchOptions" : {
        "fetch" : false,
        "columnsFilter" : [ ]
      },
      "primary" : true,
      "selfRelation" : false,
      "sourceColumnsNotUniqueKey" : true,
      "sourceTable" : "TASKS",
      "targetColumnsUniqueKey" : false,
      "targetTable" : "REPS",
      "valid" : true,
      "virtual" : false
    }, {
      "cardinality" : "ManyToOne",
      "cascadeEnabled" : false,
      "cascadeOptions" : {
        "cascadeRemove" : "NONE",
        "cascadeReplace" : true
      },
      "columnsUniqueKey" : false,
      "composite" : false,
      "fetchOptions" : {
        "fetch" : true,
        "columnsFilter" : [ ]
      },
      "fieldName" : "taskPriority",
      "ignored" : false,
      "mappings" : [ {
        "sourceColumn" : "TASK_PRIORITY_REF",
        "targetColumn" : "ID"
      } ],
      "name" : "FK_TASKS_TO_TASK_PRIORITF9xh6",
      "parentFetchOptions" : {
        "fetch" : false,
        "columnsFilter" : [ ]
      },
      "primary" : true,
      "selfRelation" : false,
      "sourceColumnsNotUniqueKey" : true,
      "sourceTable" : "TASKS",
      "targetColumnsUniqueKey" : false,
      "targetTable" : "TASK_PRIORITY",
      "valid" : true,
      "virtual" : false
    } ],
    "schema" : null,
    "tableDataLockingOptions" : {
      "versionColumnName" : "VERSION",
      "lockingStrategy" : "NONE",
      "overrideStrategy" : "INHERIT"
    },
    "temporals" : [ ],
    "type" : "TABLE"
  }, {
    "catalog" : "SalesVision",
    "columns" : [ {
      "columnValue" : {
        "insertable" : true,
        "updatable" : true,
        "defaultValue" : "",
        "type" : "user-defined"
      },
      "constraintList" : [ ],
      "fieldName" : "id",
      "foreignKey" : false,
      "generatorType" : "identity",
      "generatorValue" : null,
      "hidden" : false,
      "javaType" : "integer",
      "length" : 0,
      "name" : "ID",
      "nullable" : false,
      "oldName" : "ID",
      "partOfAnyRelation" : false,
      "partOfForeignKey" : false,
      "partOfPrimaryKey" : true,
      "partOfUniqueKey" : true,
      "period" : false,
      "precision" : 10,
      "primaryKey" : true,
      "scale" : 0,
      "sequenceSchema" : null,
      "sqlType" : "number",
      "unique" : true
    }, {
      "columnValue" : {
        "insertable" : true,
        "updatable" : true,
        "defaultValue" : "",
        "type" : "user-defined"
      },
      "constraintList" : [ ],
      "fieldName" : "userName",
      "foreignKey" : false,
      "generatorType" : "assigned",
      "generatorValue" : null,
      "hidden" : false,
      "javaType" : "string",
      "length" : 255,
      "name" : "userName",
      "nullable" : true,
      "oldName" : "userName",
      "partOfAnyRelation" : false,
      "partOfForeignKey" : false,
      "partOfPrimaryKey" : false,
      "partOfUniqueKey" : false,
      "period" : false,
      "precision" : 0,
      "primaryKey" : false,
      "scale" : 0,
      "sequenceSchema" : null,
      "sqlType" : "string",
      "unique" : false
    }, {
      "columnValue" : {
        "insertable" : true,
        "updatable" : true,
        "defaultValue" : "",
        "type" : "user-defined"
      },
      "constraintList" : [ ],
      "fieldName" : "password",
      "foreignKey" : false,
      "generatorType" : "assigned",
      "generatorValue" : null,
      "hidden" : false,
      "javaType" : "string",
      "length" : 255,
      "name" : "Password",
      "nullable" : true,
      "oldName" : "Password",
      "partOfAnyRelation" : false,
      "partOfForeignKey" : false,
      "partOfPrimaryKey" : false,
      "partOfUniqueKey" : false,
      "period" : false,
      "precision" : 0,
      "primaryKey" : false,
      "scale" : 0,
      "sequenceSchema" : null,
      "sqlType" : "string",
      "unique" : false
    } ],
    "constraints" : [ ],
    "entityName" : "Users",
    "filter" : null,
    "fullyQualifiedName" : "com.salesvision.salesvision.Users",
    "ignoreRefreshAfterInsert" : false,
    "name" : "Users",
    "oldName" : "Users",
    "primaryKey" : {
      "columns" : [ "ID" ],
      "composite" : false,
      "generator" : {
        "generatorType" : "identity",
        "generatorValue" : null,
        "schemaName" : null
      },
      "name" : "PRIMARY",
      "virtual" : false
    },
    "relations" : [ ],
    "schema" : null,
    "tableDataLockingOptions" : {
      "versionColumnName" : "VERSION",
      "lockingStrategy" : "NONE",
      "overrideStrategy" : "INHERIT"
    },
    "temporals" : [ ],
    "type" : "TABLE"
  }, {
    "catalog" : "SalesVision",
    "columns" : [ {
      "columnValue" : {
        "insertable" : true,
        "updatable" : true,
        "defaultValue" : null,
        "type" : "user-defined"
      },
      "constraintList" : null,
      "fieldName" : "id",
      "foreignKey" : false,
      "generatorType" : "identity",
      "generatorValue" : null,
      "hidden" : false,
      "javaType" : "integer",
      "length" : 0,
      "name" : "ID",
      "nullable" : false,
      "oldName" : "ID",
      "partOfAnyRelation" : false,
      "partOfForeignKey" : false,
      "partOfPrimaryKey" : true,
      "partOfUniqueKey" : true,
      "period" : false,
      "precision" : 10,
      "primaryKey" : true,
      "scale" : 0,
      "sequenceSchema" : null,
      "sqlType" : "number",
      "unique" : true
    }, {
      "columnValue" : {
        "insertable" : true,
        "updatable" : true,
        "defaultValue" : "",
        "type" : "user-defined"
      },
      "constraintList" : [ ],
      "fieldName" : "comments",
      "foreignKey" : false,
      "generatorType" : "assigned",
      "generatorValue" : null,
      "hidden" : false,
      "javaType" : "string",
      "length" : 555,
      "name" : "COMMENTS",
      "nullable" : true,
      "oldName" : "COMMENTS",
      "partOfAnyRelation" : false,
      "partOfForeignKey" : false,
      "partOfPrimaryKey" : false,
      "partOfUniqueKey" : false,
      "period" : false,
      "precision" : 0,
      "primaryKey" : false,
      "scale" : 0,
      "sequenceSchema" : null,
      "sqlType" : "string",
      "unique" : false
    }, {
      "columnValue" : {
        "insertable" : true,
        "updatable" : true,
        "defaultValue" : null,
        "type" : "user-defined"
      },
      "constraintList" : null,
      "fieldName" : "entryDate",
      "foreignKey" : false,
      "generatorType" : "assigned",
      "generatorValue" : null,
      "hidden" : false,
      "javaType" : "date",
      "length" : 0,
      "name" : "ENTRY_DATE",
      "nullable" : true,
      "oldName" : "ENTRY_DATE",
      "partOfAnyRelation" : false,
      "partOfForeignKey" : false,
      "partOfPrimaryKey" : false,
      "partOfUniqueKey" : false,
      "period" : false,
      "precision" : 0,
      "primaryKey" : false,
      "scale" : 0,
      "sequenceSchema" : null,
      "sqlType" : "date",
      "unique" : false
    }, {
      "columnValue" : {
        "insertable" : true,
        "updatable" : true,
        "defaultValue" : null,
        "type" : "user-defined"
      },
      "constraintList" : null,
      "fieldName" : "isRenewal",
      "foreignKey" : false,
      "generatorType" : "assigned",
      "generatorValue" : null,
      "hidden" : false,
      "javaType" : "boolean",
      "length" : 0,
      "name" : "IS_RENEWAL",
      "nullable" : true,
      "oldName" : "IS_RENEWAL",
      "partOfAnyRelation" : false,
      "partOfForeignKey" : false,
      "partOfPrimaryKey" : false,
      "partOfUniqueKey" : false,
      "period" : false,
      "precision" : 1,
      "primaryKey" : false,
      "scale" : 0,
      "sequenceSchema" : null,
      "sqlType" : "boolean",
      "unique" : false
    }, {
      "columnValue" : {
        "insertable" : true,
        "updatable" : true,
        "defaultValue" : null,
        "type" : "user-defined"
      },
      "constraintList" : null,
      "fieldName" : "productId",
      "foreignKey" : true,
      "generatorType" : "assigned",
      "generatorValue" : null,
      "hidden" : false,
      "javaType" : "integer",
      "length" : 0,
      "name" : "PRODUCT_ID",
      "nullable" : true,
      "oldName" : "PRODUCT_ID",
      "partOfAnyRelation" : true,
      "partOfForeignKey" : true,
      "partOfPrimaryKey" : false,
      "partOfUniqueKey" : false,
      "period" : false,
      "precision" : 10,
      "primaryKey" : false,
      "scale" : 0,
      "sequenceSchema" : null,
      "sqlType" : "number",
      "unique" : false
    }, {
      "columnValue" : {
        "insertable" : true,
        "updatable" : true,
        "defaultValue" : null,
        "type" : "user-defined"
      },
      "constraintList" : null,
      "fieldName" : "quoteId",
      "foreignKey" : true,
      "generatorType" : "assigned",
      "generatorValue" : null,
      "hidden" : false,
      "javaType" : "integer",
      "length" : 0,
      "name" : "QUOTE_ID",
      "nullable" : true,
      "oldName" : "QUOTE_ID",
      "partOfAnyRelation" : true,
      "partOfForeignKey" : true,
      "partOfPrimaryKey" : false,
      "partOfUniqueKey" : false,
      "period" : false,
      "precision" : 10,
      "primaryKey" : false,
      "scale" : 0,
      "sequenceSchema" : null,
      "sqlType" : "number",
      "unique" : false
    }, {
      "columnValue" : {
        "insertable" : true,
        "updatable" : true,
        "defaultValue" : "",
        "type" : "user-defined"
      },
      "constraintList" : [ ],
      "fieldName" : "renewalPeriod",
      "foreignKey" : false,
      "generatorType" : "assigned",
      "generatorValue" : null,
      "hidden" : false,
      "javaType" : "integer",
      "length" : 0,
      "name" : "RENEWAL_PERIOD",
      "nullable" : true,
      "oldName" : "RENEWAL_PERIOD",
      "partOfAnyRelation" : false,
      "partOfForeignKey" : false,
      "partOfPrimaryKey" : false,
      "partOfUniqueKey" : false,
      "period" : false,
      "precision" : 10,
      "primaryKey" : false,
      "scale" : 0,
      "sequenceSchema" : null,
      "sqlType" : "number",
      "unique" : false
    }, {
      "columnValue" : {
        "insertable" : true,
        "updatable" : true,
        "defaultValue" : null,
        "type" : "user-defined"
      },
      "constraintList" : null,
      "fieldName" : "sales",
      "foreignKey" : false,
      "generatorType" : "assigned",
      "generatorValue" : null,
      "hidden" : false,
      "javaType" : "integer",
      "length" : 0,
      "name" : "SALES",
      "nullable" : true,
      "oldName" : "SALES",
      "partOfAnyRelation" : false,
      "partOfForeignKey" : false,
      "partOfPrimaryKey" : false,
      "partOfUniqueKey" : false,
      "period" : false,
      "precision" : 10,
      "primaryKey" : false,
      "scale" : 0,
      "sequenceSchema" : null,
      "sqlType" : "number",
      "unique" : false
    } ],
    "constraints" : [ ],
    "entityName" : "Sales",
    "filter" : null,
    "fullyQualifiedName" : "com.salesvision.salesvision.Sales",
    "ignoreRefreshAfterInsert" : false,
    "name" : "SALES",
    "oldName" : "SALES",
    "primaryKey" : {
      "columns" : [ "ID" ],
      "composite" : false,
      "generator" : {
        "generatorType" : "identity",
        "generatorValue" : null,
        "schemaName" : null
      },
      "name" : "PRIMARY",
      "virtual" : false
    },
    "relations" : [ {
      "cardinality" : "ManyToOne",
      "cascadeEnabled" : false,
      "cascadeOptions" : {
        "cascadeRemove" : "NONE",
        "cascadeReplace" : true
      },
      "columnsUniqueKey" : false,
      "composite" : false,
      "fetchOptions" : {
        "fetch" : true,
        "columnsFilter" : [ ]
      },
      "fieldName" : "products",
      "ignored" : false,
      "mappings" : [ {
        "sourceColumn" : "PRODUCT_ID",
        "targetColumn" : "ID"
      } ],
      "name" : "FK_SALES_PRODUCT_ID",
      "parentFetchOptions" : {
        "fetch" : false,
        "columnsFilter" : [ ]
      },
      "primary" : true,
      "selfRelation" : false,
      "sourceColumnsNotUniqueKey" : true,
      "sourceTable" : "SALES",
      "targetColumnsUniqueKey" : false,
      "targetTable" : "PRODUCTS",
      "valid" : true,
      "virtual" : false
    }, {
      "cardinality" : "ManyToOne",
      "cascadeEnabled" : false,
      "cascadeOptions" : {
        "cascadeRemove" : "NONE",
        "cascadeReplace" : true
      },
      "columnsUniqueKey" : false,
      "composite" : false,
      "fetchOptions" : {
        "fetch" : true,
        "columnsFilter" : [ ]
      },
      "fieldName" : "quotes",
      "ignored" : false,
      "mappings" : [ {
        "sourceColumn" : "QUOTE_ID",
        "targetColumn" : "ID"
      } ],
      "name" : "FK_SALES_QUOTE_ID",
      "parentFetchOptions" : {
        "fetch" : false,
        "columnsFilter" : [ ]
      },
      "primary" : true,
      "selfRelation" : false,
      "sourceColumnsNotUniqueKey" : true,
      "sourceTable" : "SALES",
      "targetColumnsUniqueKey" : false,
      "targetTable" : "QUOTES",
      "valid" : true,
      "virtual" : false
    } ],
    "schema" : null,
    "tableDataLockingOptions" : {
      "versionColumnName" : "VERSION",
      "lockingStrategy" : "NONE",
      "overrideStrategy" : "INHERIT"
    },
    "temporals" : [ ],
    "type" : "TABLE"
  }, {
    "catalog" : "SalesVision",
    "columns" : [ {
      "columnValue" : {
        "insertable" : true,
        "updatable" : true,
        "defaultValue" : null,
        "type" : "user-defined"
      },
      "constraintList" : null,
      "fieldName" : "id",
      "foreignKey" : false,
      "generatorType" : "identity",
      "generatorValue" : null,
      "hidden" : false,
      "javaType" : "integer",
      "length" : 0,
      "name" : "ID",
      "nullable" : false,
      "oldName" : "ID",
      "partOfAnyRelation" : false,
      "partOfForeignKey" : false,
      "partOfPrimaryKey" : true,
      "partOfUniqueKey" : true,
      "period" : false,
      "precision" : 10,
      "primaryKey" : true,
      "scale" : 0,
      "sequenceSchema" : null,
      "sqlType" : "number",
      "unique" : true
    }, {
      "columnValue" : {
        "insertable" : true,
        "updatable" : true,
        "defaultValue" : null,
        "type" : "user-defined"
      },
      "constraintList" : null,
      "fieldName" : "badgeicon",
      "foreignKey" : false,
      "generatorType" : "assigned",
      "generatorValue" : null,
      "hidden" : false,
      "javaType" : "string",
      "length" : 255,
      "name" : "BADGEICON",
      "nullable" : true,
      "oldName" : "BADGEICON",
      "partOfAnyRelation" : false,
      "partOfForeignKey" : false,
      "partOfPrimaryKey" : false,
      "partOfUniqueKey" : false,
      "period" : false,
      "precision" : 0,
      "primaryKey" : false,
      "scale" : 0,
      "sequenceSchema" : null,
      "sqlType" : "string",
      "unique" : false
    }, {
      "columnValue" : {
        "insertable" : true,
        "updatable" : true,
        "defaultValue" : null,
        "type" : "user-defined"
      },
      "constraintList" : null,
      "fieldName" : "badgename",
      "foreignKey" : false,
      "generatorType" : "assigned",
      "generatorValue" : null,
      "hidden" : false,
      "javaType" : "string",
      "length" : 255,
      "name" : "BADGENAME",
      "nullable" : true,
      "oldName" : "BADGENAME",
      "partOfAnyRelation" : false,
      "partOfForeignKey" : false,
      "partOfPrimaryKey" : false,
      "partOfUniqueKey" : false,
      "period" : false,
      "precision" : 0,
      "primaryKey" : false,
      "scale" : 0,
      "sequenceSchema" : null,
      "sqlType" : "string",
      "unique" : false
    }, {
      "columnValue" : {
        "insertable" : true,
        "updatable" : true,
        "defaultValue" : null,
        "type" : "user-defined"
      },
      "constraintList" : null,
      "fieldName" : "receivedDate",
      "foreignKey" : false,
      "generatorType" : "assigned",
      "generatorValue" : null,
      "hidden" : false,
      "javaType" : "string",
      "length" : 255,
      "name" : "RECEIVED_DATE",
      "nullable" : true,
      "oldName" : "RECEIVED_DATE",
      "partOfAnyRelation" : false,
      "partOfForeignKey" : false,
      "partOfPrimaryKey" : false,
      "partOfUniqueKey" : false,
      "period" : false,
      "precision" : 0,
      "primaryKey" : false,
      "scale" : 0,
      "sequenceSchema" : null,
      "sqlType" : "string",
      "unique" : false
    }, {
      "columnValue" : {
        "insertable" : true,
        "updatable" : true,
        "defaultValue" : null,
        "type" : "user-defined"
      },
      "constraintList" : null,
      "fieldName" : "repid",
      "foreignKey" : true,
      "generatorType" : "assigned",
      "generatorValue" : null,
      "hidden" : false,
      "javaType" : "integer",
      "length" : 0,
      "name" : "REPID",
      "nullable" : true,
      "oldName" : "REPID",
      "partOfAnyRelation" : true,
      "partOfForeignKey" : true,
      "partOfPrimaryKey" : false,
      "partOfUniqueKey" : false,
      "period" : false,
      "precision" : 10,
      "primaryKey" : false,
      "scale" : 0,
      "sequenceSchema" : null,
      "sqlType" : "number",
      "unique" : false
    } ],
    "constraints" : [ ],
    "entityName" : "Badges",
    "filter" : null,
    "fullyQualifiedName" : "com.salesvision.salesvision.Badges",
    "ignoreRefreshAfterInsert" : false,
    "name" : "BADGES",
    "oldName" : "BADGES",
    "primaryKey" : {
      "columns" : [ "ID" ],
      "composite" : false,
      "generator" : {
        "generatorType" : "identity",
        "generatorValue" : null,
        "schemaName" : null
      },
      "name" : "PRIMARY",
      "virtual" : false
    },
    "relations" : [ {
      "cardinality" : "ManyToOne",
      "cascadeEnabled" : false,
      "cascadeOptions" : {
        "cascadeRemove" : "NONE",
        "cascadeReplace" : true
      },
      "columnsUniqueKey" : false,
      "composite" : false,
      "fetchOptions" : {
        "fetch" : true,
        "columnsFilter" : [ ]
      },
      "fieldName" : "reps",
      "ignored" : false,
      "mappings" : [ {
        "sourceColumn" : "REPID",
        "targetColumn" : "ID"
      } ],
      "name" : "FK_BADGES_TO_REPS_REPID_ID",
      "parentFetchOptions" : {
        "fetch" : false,
        "columnsFilter" : [ ]
      },
      "primary" : true,
      "selfRelation" : false,
      "sourceColumnsNotUniqueKey" : true,
      "sourceTable" : "BADGES",
      "targetColumnsUniqueKey" : false,
      "targetTable" : "REPS",
      "valid" : true,
      "virtual" : false
    } ],
    "schema" : null,
    "tableDataLockingOptions" : {
      "versionColumnName" : "VERSION",
      "lockingStrategy" : "NONE",
      "overrideStrategy" : "INHERIT"
    },
    "temporals" : [ ],
    "type" : "TABLE"
  }, {
    "catalog" : "SalesVision",
    "columns" : [ {
      "columnValue" : {
        "insertable" : true,
        "updatable" : true,
        "defaultValue" : "",
        "type" : "user-defined"
      },
      "constraintList" : [ ],
      "fieldName" : "id",
      "foreignKey" : false,
      "generatorType" : "identity",
      "generatorValue" : null,
      "hidden" : false,
      "javaType" : "integer",
      "length" : 0,
      "name" : "ID",
      "nullable" : false,
      "oldName" : "ID",
      "partOfAnyRelation" : false,
      "partOfForeignKey" : false,
      "partOfPrimaryKey" : true,
      "partOfUniqueKey" : true,
      "period" : false,
      "precision" : 10,
      "primaryKey" : true,
      "scale" : 0,
      "sequenceSchema" : null,
      "sqlType" : "number",
      "unique" : true
    }, {
      "columnValue" : {
        "insertable" : true,
        "updatable" : true,
        "defaultValue" : "",
        "type" : "user-defined"
      },
      "constraintList" : [ ],
      "fieldName" : "quoteStatus",
      "foreignKey" : false,
      "generatorType" : "assigned",
      "generatorValue" : null,
      "hidden" : false,
      "javaType" : "string",
      "length" : 255,
      "name" : "QUOTE_STATUS",
      "nullable" : true,
      "oldName" : "QUOTE_STATUS",
      "partOfAnyRelation" : false,
      "partOfForeignKey" : false,
      "partOfPrimaryKey" : false,
      "partOfUniqueKey" : false,
      "period" : false,
      "precision" : 0,
      "primaryKey" : false,
      "scale" : 0,
      "sequenceSchema" : null,
      "sqlType" : "string",
      "unique" : false
    } ],
    "constraints" : [ ],
    "entityName" : "QuoteStatus",
    "filter" : null,
    "fullyQualifiedName" : "com.salesvision.salesvision.QuoteStatus",
    "ignoreRefreshAfterInsert" : false,
    "name" : "QUOTE_STATUS",
    "oldName" : "QUOTE_STATUS",
    "primaryKey" : {
      "columns" : [ "ID" ],
      "composite" : false,
      "generator" : {
        "generatorType" : "identity",
        "generatorValue" : null,
        "schemaName" : null
      },
      "name" : "PRIMARY",
      "virtual" : false
    },
    "relations" : [ ],
    "schema" : null,
    "tableDataLockingOptions" : {
      "versionColumnName" : "VERSION",
      "lockingStrategy" : "NONE",
      "overrideStrategy" : "INHERIT"
    },
    "temporals" : [ ],
    "type" : "TABLE"
  }, {
    "catalog" : "SalesVision",
    "columns" : [ {
      "columnValue" : {
        "insertable" : true,
        "updatable" : true,
        "defaultValue" : null,
        "type" : "user-defined"
      },
      "constraintList" : null,
      "fieldName" : "id",
      "foreignKey" : false,
      "generatorType" : "identity",
      "generatorValue" : null,
      "hidden" : false,
      "javaType" : "integer",
      "length" : 0,
      "name" : "ID",
      "nullable" : false,
      "oldName" : "ID",
      "partOfAnyRelation" : false,
      "partOfForeignKey" : false,
      "partOfPrimaryKey" : true,
      "partOfUniqueKey" : true,
      "period" : false,
      "precision" : 10,
      "primaryKey" : true,
      "scale" : 0,
      "sequenceSchema" : null,
      "sqlType" : "number",
      "unique" : true
    }, {
      "columnValue" : {
        "insertable" : true,
        "updatable" : true,
        "defaultValue" : null,
        "type" : "user-defined"
      },
      "constraintList" : null,
      "fieldName" : "customerId",
      "foreignKey" : true,
      "generatorType" : "assigned",
      "generatorValue" : null,
      "hidden" : false,
      "javaType" : "integer",
      "length" : 0,
      "name" : "CUSTOMER_ID",
      "nullable" : true,
      "oldName" : "CUSTOMER_ID",
      "partOfAnyRelation" : true,
      "partOfForeignKey" : true,
      "partOfPrimaryKey" : false,
      "partOfUniqueKey" : false,
      "period" : false,
      "precision" : 10,
      "primaryKey" : false,
      "scale" : 0,
      "sequenceSchema" : null,
      "sqlType" : "number",
      "unique" : false
    }, {
      "columnValue" : {
        "insertable" : true,
        "updatable" : true,
        "defaultValue" : null,
        "type" : "user-defined"
      },
      "constraintList" : null,
      "fieldName" : "entryDate",
      "foreignKey" : false,
      "generatorType" : "assigned",
      "generatorValue" : null,
      "hidden" : false,
      "javaType" : "date",
      "length" : 0,
      "name" : "ENTRY_DATE",
      "nullable" : false,
      "oldName" : "ENTRY_DATE",
      "partOfAnyRelation" : false,
      "partOfForeignKey" : false,
      "partOfPrimaryKey" : false,
      "partOfUniqueKey" : false,
      "period" : false,
      "precision" : 0,
      "primaryKey" : false,
      "scale" : 0,
      "sequenceSchema" : null,
      "sqlType" : "date",
      "unique" : false
    } ],
    "constraints" : [ ],
    "entityName" : "Leads",
    "filter" : null,
    "fullyQualifiedName" : "com.salesvision.salesvision.Leads",
    "ignoreRefreshAfterInsert" : false,
    "name" : "LEADS",
    "oldName" : "LEADS",
    "primaryKey" : {
      "columns" : [ "ID" ],
      "composite" : false,
      "generator" : {
        "generatorType" : "identity",
        "generatorValue" : null,
        "schemaName" : null
      },
      "name" : "PRIMARY",
      "virtual" : false
    },
    "relations" : [ {
      "cardinality" : "ManyToOne",
      "cascadeEnabled" : false,
      "cascadeOptions" : {
        "cascadeRemove" : "NONE",
        "cascadeReplace" : true
      },
      "columnsUniqueKey" : false,
      "composite" : false,
      "fetchOptions" : {
        "fetch" : true,
        "columnsFilter" : [ ]
      },
      "fieldName" : "customers",
      "ignored" : false,
      "mappings" : [ {
        "sourceColumn" : "CUSTOMER_ID",
        "targetColumn" : "ID"
      } ],
      "name" : "FK_LEAD_CUSTOMER_ID",
      "parentFetchOptions" : {
        "fetch" : false,
        "columnsFilter" : [ ]
      },
      "primary" : true,
      "selfRelation" : false,
      "sourceColumnsNotUniqueKey" : true,
      "sourceTable" : "LEADS",
      "targetColumnsUniqueKey" : false,
      "targetTable" : "CUSTOMERS",
      "valid" : true,
      "virtual" : false
    } ],
    "schema" : null,
    "tableDataLockingOptions" : {
      "versionColumnName" : "VERSION",
      "lockingStrategy" : "NONE",
      "overrideStrategy" : "INHERIT"
    },
    "temporals" : [ ],
    "type" : "TABLE"
  }, {
    "catalog" : "SalesVision",
    "columns" : [ {
      "columnValue" : {
        "insertable" : true,
        "updatable" : true,
        "defaultValue" : null,
        "type" : "user-defined"
      },
      "constraintList" : null,
      "fieldName" : "id",
      "foreignKey" : false,
      "generatorType" : "identity",
      "generatorValue" : null,
      "hidden" : false,
      "javaType" : "integer",
      "length" : 0,
      "name" : "ID",
      "nullable" : false,
      "oldName" : "ID",
      "partOfAnyRelation" : false,
      "partOfForeignKey" : false,
      "partOfPrimaryKey" : true,
      "partOfUniqueKey" : true,
      "period" : false,
      "precision" : 10,
      "primaryKey" : true,
      "scale" : 0,
      "sequenceSchema" : null,
      "sqlType" : "number",
      "unique" : true
    }, {
      "columnValue" : {
        "insertable" : true,
        "updatable" : true,
        "defaultValue" : null,
        "type" : "user-defined"
      },
      "constraintList" : null,
      "fieldName" : "channelType",
      "foreignKey" : true,
      "generatorType" : "assigned",
      "generatorValue" : null,
      "hidden" : false,
      "javaType" : "integer",
      "length" : 0,
      "name" : "CHANNEL_TYPE",
      "nullable" : true,
      "oldName" : "CHANNEL_TYPE",
      "partOfAnyRelation" : true,
      "partOfForeignKey" : true,
      "partOfPrimaryKey" : false,
      "partOfUniqueKey" : false,
      "period" : false,
      "precision" : 10,
      "primaryKey" : false,
      "scale" : 0,
      "sequenceSchema" : null,
      "sqlType" : "number",
      "unique" : false
    }, {
      "columnValue" : {
        "insertable" : true,
        "updatable" : true,
        "defaultValue" : null,
        "type" : "user-defined"
      },
      "constraintList" : null,
      "fieldName" : "city",
      "foreignKey" : false,
      "generatorType" : "assigned",
      "generatorValue" : null,
      "hidden" : false,
      "javaType" : "string",
      "length" : 32,
      "name" : "CITY",
      "nullable" : true,
      "oldName" : "CITY",
      "partOfAnyRelation" : false,
      "partOfForeignKey" : false,
      "partOfPrimaryKey" : false,
      "partOfUniqueKey" : false,
      "period" : false,
      "precision" : 0,
      "primaryKey" : false,
      "scale" : 0,
      "sequenceSchema" : null,
      "sqlType" : "string",
      "unique" : false
    }, {
      "columnValue" : {
        "insertable" : true,
        "updatable" : true,
        "defaultValue" : "",
        "type" : "user-defined"
      },
      "constraintList" : [ ],
      "fieldName" : "email",
      "foreignKey" : false,
      "generatorType" : "assigned",
      "generatorValue" : null,
      "hidden" : false,
      "javaType" : "string",
      "length" : 255,
      "name" : "EMAIL",
      "nullable" : true,
      "oldName" : "EMAIL",
      "partOfAnyRelation" : false,
      "partOfForeignKey" : false,
      "partOfPrimaryKey" : false,
      "partOfUniqueKey" : false,
      "period" : false,
      "precision" : 0,
      "primaryKey" : false,
      "scale" : 0,
      "sequenceSchema" : null,
      "sqlType" : "string",
      "unique" : false
    }, {
      "columnValue" : {
        "insertable" : true,
        "updatable" : true,
        "defaultValue" : null,
        "type" : "user-defined"
      },
      "constraintList" : null,
      "fieldName" : "name",
      "foreignKey" : false,
      "generatorType" : "assigned",
      "generatorValue" : null,
      "hidden" : false,
      "javaType" : "string",
      "length" : 32,
      "name" : "NAME",
      "nullable" : false,
      "oldName" : "NAME",
      "partOfAnyRelation" : false,
      "partOfForeignKey" : false,
      "partOfPrimaryKey" : false,
      "partOfUniqueKey" : false,
      "period" : false,
      "precision" : 0,
      "primaryKey" : false,
      "scale" : 0,
      "sequenceSchema" : null,
      "sqlType" : "string",
      "unique" : false
    }, {
      "columnValue" : {
        "insertable" : true,
        "updatable" : true,
        "defaultValue" : "",
        "type" : "user-defined"
      },
      "constraintList" : [ ],
      "fieldName" : "officeAddress",
      "foreignKey" : false,
      "generatorType" : "assigned",
      "generatorValue" : null,
      "hidden" : false,
      "javaType" : "string",
      "length" : 555,
      "name" : "OFFICE_ADDRESS",
      "nullable" : true,
      "oldName" : "OFFICE_ADDRESS",
      "partOfAnyRelation" : false,
      "partOfForeignKey" : false,
      "partOfPrimaryKey" : false,
      "partOfUniqueKey" : false,
      "period" : false,
      "precision" : 0,
      "primaryKey" : false,
      "scale" : 0,
      "sequenceSchema" : null,
      "sqlType" : "string",
      "unique" : false
    }, {
      "columnValue" : {
        "insertable" : true,
        "updatable" : true,
        "defaultValue" : null,
        "type" : "user-defined"
      },
      "constraintList" : null,
      "fieldName" : "password",
      "foreignKey" : false,
      "generatorType" : "assigned",
      "generatorValue" : null,
      "hidden" : false,
      "javaType" : "string",
      "length" : 32,
      "name" : "PASSWORD",
      "nullable" : true,
      "oldName" : "PASSWORD",
      "partOfAnyRelation" : false,
      "partOfForeignKey" : false,
      "partOfPrimaryKey" : false,
      "partOfUniqueKey" : false,
      "period" : false,
      "precision" : 0,
      "primaryKey" : false,
      "scale" : 0,
      "sequenceSchema" : null,
      "sqlType" : "string",
      "unique" : false
    }, {
      "columnValue" : {
        "insertable" : true,
        "updatable" : true,
        "defaultValue" : "",
        "type" : "user-defined"
      },
      "constraintList" : [ ],
      "fieldName" : "phone",
      "foreignKey" : false,
      "generatorType" : "assigned",
      "generatorValue" : null,
      "hidden" : false,
      "javaType" : "string",
      "length" : 255,
      "name" : "PHONE",
      "nullable" : true,
      "oldName" : "PHONE",
      "partOfAnyRelation" : false,
      "partOfForeignKey" : false,
      "partOfPrimaryKey" : false,
      "partOfUniqueKey" : false,
      "period" : false,
      "precision" : 0,
      "primaryKey" : false,
      "scale" : 0,
      "sequenceSchema" : null,
      "sqlType" : "string",
      "unique" : false
    }, {
      "columnValue" : {
        "insertable" : true,
        "updatable" : true,
        "defaultValue" : null,
        "type" : "user-defined"
      },
      "constraintList" : null,
      "fieldName" : "picurl",
      "foreignKey" : false,
      "generatorType" : "assigned",
      "generatorValue" : null,
      "hidden" : false,
      "javaType" : "string",
      "length" : 1024,
      "name" : "PICURL",
      "nullable" : true,
      "oldName" : "PICURL",
      "partOfAnyRelation" : false,
      "partOfForeignKey" : false,
      "partOfPrimaryKey" : false,
      "partOfUniqueKey" : false,
      "period" : false,
      "precision" : 0,
      "primaryKey" : false,
      "scale" : 0,
      "sequenceSchema" : null,
      "sqlType" : "string",
      "unique" : false
    }, {
      "columnValue" : {
        "insertable" : true,
        "updatable" : true,
        "defaultValue" : null,
        "type" : "user-defined"
      },
      "constraintList" : null,
      "fieldName" : "reportingHead",
      "foreignKey" : true,
      "generatorType" : "assigned",
      "generatorValue" : null,
      "hidden" : false,
      "javaType" : "integer",
      "length" : 0,
      "name" : "REPORTING_HEAD",
      "nullable" : true,
      "oldName" : "REPORTING_HEAD",
      "partOfAnyRelation" : true,
      "partOfForeignKey" : true,
      "partOfPrimaryKey" : false,
      "partOfUniqueKey" : false,
      "period" : false,
      "precision" : 10,
      "primaryKey" : false,
      "scale" : 0,
      "sequenceSchema" : null,
      "sqlType" : "number",
      "unique" : false
    }, {
      "columnValue" : {
        "insertable" : true,
        "updatable" : true,
        "defaultValue" : null,
        "type" : "user-defined"
      },
      "constraintList" : null,
      "fieldName" : "role",
      "foreignKey" : false,
      "generatorType" : "assigned",
      "generatorValue" : null,
      "hidden" : false,
      "javaType" : "string",
      "length" : 32,
      "name" : "ROLE",
      "nullable" : true,
      "oldName" : "ROLE",
      "partOfAnyRelation" : false,
      "partOfForeignKey" : false,
      "partOfPrimaryKey" : false,
      "partOfUniqueKey" : false,
      "period" : false,
      "precision" : 0,
      "primaryKey" : false,
      "scale" : 0,
      "sequenceSchema" : null,
      "sqlType" : "string",
      "unique" : false
    }, {
      "columnValue" : {
        "insertable" : true,
        "updatable" : true,
        "defaultValue" : null,
        "type" : "user-defined"
      },
      "constraintList" : null,
      "fieldName" : "state",
      "foreignKey" : false,
      "generatorType" : "assigned",
      "generatorValue" : null,
      "hidden" : false,
      "javaType" : "string",
      "length" : 2,
      "name" : "STATE",
      "nullable" : true,
      "oldName" : "STATE",
      "partOfAnyRelation" : false,
      "partOfForeignKey" : false,
      "partOfPrimaryKey" : false,
      "partOfUniqueKey" : false,
      "period" : false,
      "precision" : 0,
      "primaryKey" : false,
      "scale" : 0,
      "sequenceSchema" : null,
      "sqlType" : "string",
      "unique" : false
    }, {
      "columnValue" : {
        "insertable" : true,
        "updatable" : true,
        "defaultValue" : null,
        "type" : "user-defined"
      },
      "constraintList" : null,
      "fieldName" : "stateIdRef",
      "foreignKey" : true,
      "generatorType" : "assigned",
      "generatorValue" : null,
      "hidden" : false,
      "javaType" : "integer",
      "length" : 0,
      "name" : "STATE_ID_REF",
      "nullable" : true,
      "oldName" : "STATE_ID_REF",
      "partOfAnyRelation" : true,
      "partOfForeignKey" : true,
      "partOfPrimaryKey" : false,
      "partOfUniqueKey" : false,
      "period" : false,
      "precision" : 10,
      "primaryKey" : false,
      "scale" : 0,
      "sequenceSchema" : null,
      "sqlType" : "number",
      "unique" : false
    }, {
      "columnValue" : {
        "insertable" : true,
        "updatable" : true,
        "defaultValue" : null,
        "type" : "user-defined"
      },
      "constraintList" : null,
      "fieldName" : "street",
      "foreignKey" : false,
      "generatorType" : "assigned",
      "generatorValue" : null,
      "hidden" : false,
      "javaType" : "string",
      "length" : 64,
      "name" : "STREET",
      "nullable" : true,
      "oldName" : "STREET",
      "partOfAnyRelation" : false,
      "partOfForeignKey" : false,
      "partOfPrimaryKey" : false,
      "partOfUniqueKey" : false,
      "period" : false,
      "precision" : 0,
      "primaryKey" : false,
      "scale" : 0,
      "sequenceSchema" : null,
      "sqlType" : "string",
      "unique" : false
    }, {
      "columnValue" : {
        "insertable" : true,
        "updatable" : true,
        "defaultValue" : null,
        "type" : "user-defined"
      },
      "constraintList" : null,
      "fieldName" : "username",
      "foreignKey" : false,
      "generatorType" : "assigned",
      "generatorValue" : null,
      "hidden" : false,
      "javaType" : "string",
      "length" : 32,
      "name" : "USERNAME",
      "nullable" : true,
      "oldName" : "USERNAME",
      "partOfAnyRelation" : false,
      "partOfForeignKey" : false,
      "partOfPrimaryKey" : false,
      "partOfUniqueKey" : false,
      "period" : false,
      "precision" : 0,
      "primaryKey" : false,
      "scale" : 0,
      "sequenceSchema" : null,
      "sqlType" : "string",
      "unique" : false
    }, {
      "columnValue" : {
        "insertable" : true,
        "updatable" : true,
        "defaultValue" : null,
        "type" : "user-defined"
      },
      "constraintList" : null,
      "fieldName" : "zip",
      "foreignKey" : false,
      "generatorType" : "assigned",
      "generatorValue" : null,
      "hidden" : false,
      "javaType" : "string",
      "length" : 6,
      "name" : "ZIP",
      "nullable" : true,
      "oldName" : "ZIP",
      "partOfAnyRelation" : false,
      "partOfForeignKey" : false,
      "partOfPrimaryKey" : false,
      "partOfUniqueKey" : false,
      "period" : false,
      "precision" : 0,
      "primaryKey" : false,
      "scale" : 0,
      "sequenceSchema" : null,
      "sqlType" : "string",
      "unique" : false
    } ],
    "constraints" : [ ],
    "entityName" : "Reps",
    "filter" : null,
    "fullyQualifiedName" : "com.salesvision.salesvision.Reps",
    "ignoreRefreshAfterInsert" : false,
    "name" : "REPS",
    "oldName" : "REPS",
    "primaryKey" : {
      "columns" : [ "ID" ],
      "composite" : false,
      "generator" : {
        "generatorType" : "identity",
        "generatorValue" : null,
        "schemaName" : null
      },
      "name" : "PRIMARY",
      "virtual" : false
    },
    "relations" : [ {
      "cardinality" : "ManyToOne",
      "cascadeEnabled" : false,
      "cascadeOptions" : {
        "cascadeRemove" : "NONE",
        "cascadeReplace" : true
      },
      "columnsUniqueKey" : false,
      "composite" : false,
      "fetchOptions" : {
        "fetch" : true,
        "columnsFilter" : [ ]
      },
      "fieldName" : "repsByReportingHead",
      "ignored" : false,
      "mappings" : [ {
        "sourceColumn" : "REPORTING_HEAD",
        "targetColumn" : "ID"
      } ],
      "name" : "FK_REPS_TO_REPS_REPORTINFhKxF",
      "parentFetchOptions" : {
        "fetch" : false,
        "columnsFilter" : [ ]
      },
      "primary" : true,
      "selfRelation" : true,
      "sourceColumnsNotUniqueKey" : true,
      "sourceTable" : "REPS",
      "targetColumnsUniqueKey" : false,
      "targetTable" : "REPS",
      "valid" : true,
      "virtual" : false
    }, {
      "cardinality" : "ManyToOne",
      "cascadeEnabled" : false,
      "cascadeOptions" : {
        "cascadeRemove" : "NONE",
        "cascadeReplace" : true
      },
      "columnsUniqueKey" : false,
      "composite" : false,
      "fetchOptions" : {
        "fetch" : true,
        "columnsFilter" : [ ]
      },
      "fieldName" : "states",
      "ignored" : false,
      "mappings" : [ {
        "sourceColumn" : "STATE_ID_REF",
        "targetColumn" : "ID"
      } ],
      "name" : "FK_REPS_TO_STATES_STATE_zVshL",
      "parentFetchOptions" : {
        "fetch" : false,
        "columnsFilter" : [ ]
      },
      "primary" : true,
      "selfRelation" : false,
      "sourceColumnsNotUniqueKey" : true,
      "sourceTable" : "REPS",
      "targetColumnsUniqueKey" : false,
      "targetTable" : "STATES",
      "valid" : true,
      "virtual" : false
    }, {
      "cardinality" : "ManyToOne",
      "cascadeEnabled" : false,
      "cascadeOptions" : {
        "cascadeRemove" : "NONE",
        "cascadeReplace" : true
      },
      "columnsUniqueKey" : false,
      "composite" : false,
      "fetchOptions" : {
        "fetch" : true,
        "columnsFilter" : [ ]
      },
      "fieldName" : "channels",
      "ignored" : false,
      "mappings" : [ {
        "sourceColumn" : "CHANNEL_TYPE",
        "targetColumn" : "ID"
      } ],
      "name" : "FK_REP_CHANNEL_TYPE",
      "parentFetchOptions" : {
        "fetch" : false,
        "columnsFilter" : [ ]
      },
      "primary" : true,
      "selfRelation" : false,
      "sourceColumnsNotUniqueKey" : true,
      "sourceTable" : "REPS",
      "targetColumnsUniqueKey" : false,
      "targetTable" : "CHANNELS",
      "valid" : true,
      "virtual" : false
    } ],
    "schema" : null,
    "tableDataLockingOptions" : {
      "versionColumnName" : "VERSION",
      "lockingStrategy" : "NONE",
      "overrideStrategy" : "INHERIT"
    },
    "temporals" : [ ],
    "type" : "TABLE"
  }, {
    "catalog" : "SalesVision",
    "columns" : [ {
      "columnValue" : {
        "insertable" : true,
        "updatable" : true,
        "defaultValue" : null,
        "type" : "user-defined"
      },
      "constraintList" : null,
      "fieldName" : "id",
      "foreignKey" : false,
      "generatorType" : "identity",
      "generatorValue" : null,
      "hidden" : false,
      "javaType" : "integer",
      "length" : 0,
      "name" : "ID",
      "nullable" : false,
      "oldName" : "ID",
      "partOfAnyRelation" : false,
      "partOfForeignKey" : false,
      "partOfPrimaryKey" : true,
      "partOfUniqueKey" : true,
      "period" : false,
      "precision" : 10,
      "primaryKey" : true,
      "scale" : 0,
      "sequenceSchema" : null,
      "sqlType" : "number",
      "unique" : true
    }, {
      "columnValue" : {
        "insertable" : true,
        "updatable" : true,
        "defaultValue" : null,
        "type" : "user-defined"
      },
      "constraintList" : null,
      "fieldName" : "abbrev",
      "foreignKey" : false,
      "generatorType" : "assigned",
      "generatorValue" : null,
      "hidden" : false,
      "javaType" : "string",
      "length" : 2,
      "name" : "ABBREV",
      "nullable" : false,
      "oldName" : "ABBREV",
      "partOfAnyRelation" : false,
      "partOfForeignKey" : false,
      "partOfPrimaryKey" : false,
      "partOfUniqueKey" : false,
      "period" : false,
      "precision" : 0,
      "primaryKey" : false,
      "scale" : 0,
      "sequenceSchema" : null,
      "sqlType" : "string",
      "unique" : false
    }, {
      "columnValue" : {
        "insertable" : true,
        "updatable" : true,
        "defaultValue" : null,
        "type" : "user-defined"
      },
      "constraintList" : null,
      "fieldName" : "name",
      "foreignKey" : false,
      "generatorType" : "assigned",
      "generatorValue" : null,
      "hidden" : false,
      "javaType" : "string",
      "length" : 40,
      "name" : "NAME",
      "nullable" : false,
      "oldName" : "NAME",
      "partOfAnyRelation" : false,
      "partOfForeignKey" : false,
      "partOfPrimaryKey" : false,
      "partOfUniqueKey" : false,
      "period" : false,
      "precision" : 0,
      "primaryKey" : false,
      "scale" : 0,
      "sequenceSchema" : null,
      "sqlType" : "string",
      "unique" : false
    } ],
    "constraints" : [ ],
    "entityName" : "States",
    "filter" : null,
    "fullyQualifiedName" : "com.salesvision.salesvision.States",
    "ignoreRefreshAfterInsert" : false,
    "name" : "STATES",
    "oldName" : "STATES",
    "primaryKey" : {
      "columns" : [ "ID" ],
      "composite" : false,
      "generator" : {
        "generatorType" : "identity",
        "generatorValue" : null,
        "schemaName" : null
      },
      "name" : "PRIMARY",
      "virtual" : false
    },
    "relations" : [ ],
    "schema" : null,
    "tableDataLockingOptions" : {
      "versionColumnName" : "VERSION",
      "lockingStrategy" : "NONE",
      "overrideStrategy" : "INHERIT"
    },
    "temporals" : [ ],
    "type" : "TABLE"
  }, {
    "catalog" : "SalesVision",
    "columns" : [ {
      "columnValue" : {
        "insertable" : true,
        "updatable" : false,
        "defaultValue" : "",
        "type" : "user-defined"
      },
      "constraintList" : [ ],
      "fieldName" : "id",
      "foreignKey" : false,
      "generatorType" : "identity",
      "generatorValue" : null,
      "hidden" : false,
      "javaType" : "integer",
      "length" : 0,
      "name" : "ID",
      "nullable" : false,
      "oldName" : "ID",
      "partOfAnyRelation" : false,
      "partOfForeignKey" : false,
      "partOfPrimaryKey" : true,
      "partOfUniqueKey" : true,
      "period" : false,
      "precision" : 10,
      "primaryKey" : true,
      "scale" : 0,
      "sequenceSchema" : null,
      "sqlType" : "number",
      "unique" : true
    }, {
      "columnValue" : {
        "insertable" : true,
        "updatable" : true,
        "defaultValue" : "",
        "type" : "user-defined"
      },
      "constraintList" : [ ],
      "fieldName" : "monthlyCommission",
      "foreignKey" : false,
      "generatorType" : "assigned",
      "generatorValue" : null,
      "hidden" : false,
      "javaType" : "integer",
      "length" : 0,
      "name" : "MONTHLY_COMMISSION",
      "nullable" : true,
      "oldName" : "MONTHLY_COMMISSION",
      "partOfAnyRelation" : false,
      "partOfForeignKey" : false,
      "partOfPrimaryKey" : false,
      "partOfUniqueKey" : false,
      "period" : false,
      "precision" : 10,
      "primaryKey" : false,
      "scale" : 0,
      "sequenceSchema" : null,
      "sqlType" : "number",
      "unique" : false
    }, {
      "columnValue" : {
        "insertable" : true,
        "updatable" : true,
        "defaultValue" : "",
        "type" : "user-defined"
      },
      "constraintList" : [ ],
      "fieldName" : "quarterlyBonus",
      "foreignKey" : false,
      "generatorType" : "assigned",
      "generatorValue" : null,
      "hidden" : false,
      "javaType" : "integer",
      "length" : 0,
      "name" : "QUARTERLY_BONUS",
      "nullable" : true,
      "oldName" : "QUARTERLY_BONUS",
      "partOfAnyRelation" : false,
      "partOfForeignKey" : false,
      "partOfPrimaryKey" : false,
      "partOfUniqueKey" : false,
      "period" : false,
      "precision" : 10,
      "primaryKey" : false,
      "scale" : 0,
      "sequenceSchema" : null,
      "sqlType" : "number",
      "unique" : false
    }, {
      "columnValue" : {
        "insertable" : true,
        "updatable" : true,
        "defaultValue" : "",
        "type" : "user-defined"
      },
      "constraintList" : [ ],
      "fieldName" : "repid",
      "foreignKey" : true,
      "generatorType" : "assigned",
      "generatorValue" : null,
      "hidden" : false,
      "javaType" : "integer",
      "length" : 0,
      "name" : "REPID",
      "nullable" : true,
      "oldName" : "REPID",
      "partOfAnyRelation" : true,
      "partOfForeignKey" : true,
      "partOfPrimaryKey" : false,
      "partOfUniqueKey" : false,
      "period" : false,
      "precision" : 10,
      "primaryKey" : false,
      "scale" : 0,
      "sequenceSchema" : null,
      "sqlType" : "number",
      "unique" : false
    } ],
    "constraints" : [ ],
    "entityName" : "Rewards",
    "filter" : null,
    "fullyQualifiedName" : "com.salesvision.salesvision.Rewards",
    "ignoreRefreshAfterInsert" : false,
    "name" : "REWARDS",
    "oldName" : "REWARDS",
    "primaryKey" : {
      "columns" : [ "ID" ],
      "composite" : false,
      "generator" : {
        "generatorType" : "identity",
        "generatorValue" : null,
        "schemaName" : null
      },
      "name" : "PRIMARY",
      "virtual" : false
    },
    "relations" : [ {
      "cardinality" : "ManyToOne",
      "cascadeEnabled" : false,
      "cascadeOptions" : {
        "cascadeRemove" : "NONE",
        "cascadeReplace" : true
      },
      "columnsUniqueKey" : false,
      "composite" : false,
      "fetchOptions" : {
        "fetch" : true,
        "columnsFilter" : [ ]
      },
      "fieldName" : "reps",
      "ignored" : false,
      "mappings" : [ {
        "sourceColumn" : "REPID",
        "targetColumn" : "ID"
      } ],
      "name" : "FK_REWARDS_TO_REPS_REPID_ID",
      "parentFetchOptions" : {
        "fetch" : false,
        "columnsFilter" : [ ]
      },
      "primary" : true,
      "selfRelation" : false,
      "sourceColumnsNotUniqueKey" : true,
      "sourceTable" : "REWARDS",
      "targetColumnsUniqueKey" : false,
      "targetTable" : "REPS",
      "valid" : true,
      "virtual" : false
    } ],
    "schema" : null,
    "tableDataLockingOptions" : {
      "versionColumnName" : "VERSION",
      "lockingStrategy" : "NONE",
      "overrideStrategy" : "INHERIT"
    },
    "temporals" : [ ],
    "type" : "TABLE"
  }, {
    "catalog" : "SalesVision",
    "columns" : [ {
      "columnValue" : {
        "insertable" : true,
        "updatable" : true,
        "defaultValue" : null,
        "type" : "user-defined"
      },
      "constraintList" : null,
      "fieldName" : "id",
      "foreignKey" : false,
      "generatorType" : "identity",
      "generatorValue" : null,
      "hidden" : false,
      "javaType" : "integer",
      "length" : 0,
      "name" : "ID",
      "nullable" : false,
      "oldName" : "ID",
      "partOfAnyRelation" : false,
      "partOfForeignKey" : false,
      "partOfPrimaryKey" : true,
      "partOfUniqueKey" : true,
      "period" : false,
      "precision" : 10,
      "primaryKey" : true,
      "scale" : 0,
      "sequenceSchema" : null,
      "sqlType" : "number",
      "unique" : true
    }, {
      "columnValue" : {
        "insertable" : true,
        "updatable" : true,
        "defaultValue" : null,
        "type" : "user-defined"
      },
      "constraintList" : null,
      "fieldName" : "name",
      "foreignKey" : false,
      "generatorType" : "assigned",
      "generatorValue" : null,
      "hidden" : false,
      "javaType" : "string",
      "length" : 40,
      "name" : "NAME",
      "nullable" : false,
      "oldName" : "NAME",
      "partOfAnyRelation" : false,
      "partOfForeignKey" : false,
      "partOfPrimaryKey" : false,
      "partOfUniqueKey" : false,
      "period" : false,
      "precision" : 0,
      "primaryKey" : false,
      "scale" : 0,
      "sequenceSchema" : null,
      "sqlType" : "string",
      "unique" : false
    } ],
    "constraints" : [ ],
    "entityName" : "Products",
    "filter" : null,
    "fullyQualifiedName" : "com.salesvision.salesvision.Products",
    "ignoreRefreshAfterInsert" : false,
    "name" : "PRODUCTS",
    "oldName" : "PRODUCTS",
    "primaryKey" : {
      "columns" : [ "ID" ],
      "composite" : false,
      "generator" : {
        "generatorType" : "identity",
        "generatorValue" : null,
        "schemaName" : null
      },
      "name" : "PRIMARY",
      "virtual" : false
    },
    "relations" : [ ],
    "schema" : null,
    "tableDataLockingOptions" : {
      "versionColumnName" : "VERSION",
      "lockingStrategy" : "NONE",
      "overrideStrategy" : "INHERIT"
    },
    "temporals" : [ ],
    "type" : "TABLE"
  }, {
    "catalog" : "SalesVision",
    "columns" : [ {
      "columnValue" : {
        "insertable" : true,
        "updatable" : true,
        "defaultValue" : null,
        "type" : "user-defined"
      },
      "constraintList" : null,
      "fieldName" : "id",
      "foreignKey" : false,
      "generatorType" : "identity",
      "generatorValue" : null,
      "hidden" : false,
      "javaType" : "integer",
      "length" : 0,
      "name" : "ID",
      "nullable" : false,
      "oldName" : "ID",
      "partOfAnyRelation" : false,
      "partOfForeignKey" : false,
      "partOfPrimaryKey" : true,
      "partOfUniqueKey" : true,
      "period" : false,
      "precision" : 10,
      "primaryKey" : true,
      "scale" : 0,
      "sequenceSchema" : null,
      "sqlType" : "number",
      "unique" : true
    }, {
      "columnValue" : {
        "insertable" : true,
        "updatable" : true,
        "defaultValue" : "",
        "type" : "user-defined"
      },
      "constraintList" : [ ],
      "fieldName" : "customerId",
      "foreignKey" : true,
      "generatorType" : "assigned",
      "generatorValue" : null,
      "hidden" : false,
      "javaType" : "integer",
      "length" : 0,
      "name" : "CUSTOMER_ID",
      "nullable" : true,
      "oldName" : "CUSTOMER_ID",
      "partOfAnyRelation" : true,
      "partOfForeignKey" : true,
      "partOfPrimaryKey" : false,
      "partOfUniqueKey" : false,
      "period" : false,
      "precision" : 10,
      "primaryKey" : false,
      "scale" : 0,
      "sequenceSchema" : null,
      "sqlType" : "number",
      "unique" : false
    }, {
      "columnValue" : {
        "insertable" : true,
        "updatable" : true,
        "defaultValue" : null,
        "type" : "user-defined"
      },
      "constraintList" : null,
      "fieldName" : "entryDate",
      "foreignKey" : false,
      "generatorType" : "assigned",
      "generatorValue" : null,
      "hidden" : false,
      "javaType" : "date",
      "length" : 0,
      "name" : "ENTRY_DATE",
      "nullable" : true,
      "oldName" : "ENTRY_DATE",
      "partOfAnyRelation" : false,
      "partOfForeignKey" : false,
      "partOfPrimaryKey" : false,
      "partOfUniqueKey" : false,
      "period" : false,
      "precision" : 0,
      "primaryKey" : false,
      "scale" : 0,
      "sequenceSchema" : null,
      "sqlType" : "date",
      "unique" : false
    }, {
      "columnValue" : {
        "insertable" : true,
        "updatable" : true,
        "defaultValue" : null,
        "type" : "user-defined"
      },
      "constraintList" : null,
      "fieldName" : "estimatedSale",
      "foreignKey" : false,
      "generatorType" : "assigned",
      "generatorValue" : null,
      "hidden" : false,
      "javaType" : "integer",
      "length" : 0,
      "name" : "ESTIMATED_SALE",
      "nullable" : true,
      "oldName" : "ESTIMATED_SALE",
      "partOfAnyRelation" : false,
      "partOfForeignKey" : false,
      "partOfPrimaryKey" : false,
      "partOfUniqueKey" : false,
      "period" : false,
      "precision" : 10,
      "primaryKey" : false,
      "scale" : 0,
      "sequenceSchema" : null,
      "sqlType" : "number",
      "unique" : false
    }, {
      "columnValue" : {
        "insertable" : true,
        "updatable" : true,
        "defaultValue" : null,
        "type" : "user-defined"
      },
      "constraintList" : null,
      "fieldName" : "expectedCloseDate",
      "foreignKey" : false,
      "generatorType" : "assigned",
      "generatorValue" : null,
      "hidden" : false,
      "javaType" : "date",
      "length" : 0,
      "name" : "EXPECTED_CLOSE_DATE",
      "nullable" : true,
      "oldName" : "EXPECTED_CLOSE_DATE",
      "partOfAnyRelation" : false,
      "partOfForeignKey" : false,
      "partOfPrimaryKey" : false,
      "partOfUniqueKey" : false,
      "period" : false,
      "precision" : 0,
      "primaryKey" : false,
      "scale" : 0,
      "sequenceSchema" : null,
      "sqlType" : "date",
      "unique" : false
    }, {
      "columnValue" : {
        "insertable" : true,
        "updatable" : true,
        "defaultValue" : null,
        "type" : "user-defined"
      },
      "constraintList" : null,
      "fieldName" : "isSalesConverted",
      "foreignKey" : false,
      "generatorType" : "assigned",
      "generatorValue" : null,
      "hidden" : false,
      "javaType" : "boolean",
      "length" : 0,
      "name" : "IS_SALES_CONVERTED",
      "nullable" : true,
      "oldName" : "IS_SALES_CONVERTED",
      "partOfAnyRelation" : false,
      "partOfForeignKey" : false,
      "partOfPrimaryKey" : false,
      "partOfUniqueKey" : false,
      "period" : false,
      "precision" : 1,
      "primaryKey" : false,
      "scale" : 0,
      "sequenceSchema" : null,
      "sqlType" : "boolean",
      "unique" : false
    }, {
      "columnValue" : {
        "insertable" : true,
        "updatable" : true,
        "defaultValue" : "",
        "type" : "user-defined"
      },
      "constraintList" : [ ],
      "fieldName" : "productId",
      "foreignKey" : true,
      "generatorType" : "assigned",
      "generatorValue" : null,
      "hidden" : false,
      "javaType" : "integer",
      "length" : 0,
      "name" : "PRODUCT_ID",
      "nullable" : true,
      "oldName" : "PRODUCT_ID",
      "partOfAnyRelation" : true,
      "partOfForeignKey" : true,
      "partOfPrimaryKey" : false,
      "partOfUniqueKey" : false,
      "period" : false,
      "precision" : 10,
      "primaryKey" : false,
      "scale" : 0,
      "sequenceSchema" : null,
      "sqlType" : "number",
      "unique" : false
    }, {
      "columnValue" : {
        "insertable" : true,
        "updatable" : true,
        "defaultValue" : "",
        "type" : "user-defined"
      },
      "constraintList" : [ ],
      "fieldName" : "quoteStatusRef",
      "foreignKey" : true,
      "generatorType" : "assigned",
      "generatorValue" : null,
      "hidden" : false,
      "javaType" : "integer",
      "length" : 0,
      "name" : "QUOTE_STATUS_REF",
      "nullable" : true,
      "oldName" : "QUOTE_STATUS_REF",
      "partOfAnyRelation" : true,
      "partOfForeignKey" : true,
      "partOfPrimaryKey" : false,
      "partOfUniqueKey" : false,
      "period" : false,
      "precision" : 10,
      "primaryKey" : false,
      "scale" : 0,
      "sequenceSchema" : null,
      "sqlType" : "number",
      "unique" : false
    }, {
      "columnValue" : {
        "insertable" : true,
        "updatable" : true,
        "defaultValue" : null,
        "type" : "user-defined"
      },
      "constraintList" : null,
      "fieldName" : "repId",
      "foreignKey" : true,
      "generatorType" : "assigned",
      "generatorValue" : null,
      "hidden" : false,
      "javaType" : "integer",
      "length" : 0,
      "name" : "REP_ID",
      "nullable" : true,
      "oldName" : "REP_ID",
      "partOfAnyRelation" : true,
      "partOfForeignKey" : true,
      "partOfPrimaryKey" : false,
      "partOfUniqueKey" : false,
      "period" : false,
      "precision" : 10,
      "primaryKey" : false,
      "scale" : 0,
      "sequenceSchema" : null,
      "sqlType" : "number",
      "unique" : false
    } ],
    "constraints" : [ ],
    "entityName" : "Quotes",
    "filter" : null,
    "fullyQualifiedName" : "com.salesvision.salesvision.Quotes",
    "ignoreRefreshAfterInsert" : false,
    "name" : "QUOTES",
    "oldName" : "QUOTES",
    "primaryKey" : {
      "columns" : [ "ID" ],
      "composite" : false,
      "generator" : {
        "generatorType" : "identity",
        "generatorValue" : null,
        "schemaName" : null
      },
      "name" : "PRIMARY",
      "virtual" : false
    },
    "relations" : [ {
      "cardinality" : "ManyToOne",
      "cascadeEnabled" : false,
      "cascadeOptions" : {
        "cascadeRemove" : "NONE",
        "cascadeReplace" : true
      },
      "columnsUniqueKey" : false,
      "composite" : false,
      "fetchOptions" : {
        "fetch" : true,
        "columnsFilter" : [ ]
      },
      "fieldName" : "reps",
      "ignored" : false,
      "mappings" : [ {
        "sourceColumn" : "REP_ID",
        "targetColumn" : "ID"
      } ],
      "name" : "FK_QUOTES_REP_ID",
      "parentFetchOptions" : {
        "fetch" : false,
        "columnsFilter" : [ ]
      },
      "primary" : true,
      "selfRelation" : false,
      "sourceColumnsNotUniqueKey" : true,
      "sourceTable" : "QUOTES",
      "targetColumnsUniqueKey" : false,
      "targetTable" : "REPS",
      "valid" : true,
      "virtual" : false
    }, {
      "cardinality" : "ManyToOne",
      "cascadeEnabled" : false,
      "cascadeOptions" : {
        "cascadeRemove" : "NONE",
        "cascadeReplace" : true
      },
      "columnsUniqueKey" : false,
      "composite" : false,
      "fetchOptions" : {
        "fetch" : true,
        "columnsFilter" : [ ]
      },
      "fieldName" : "customers",
      "ignored" : false,
      "mappings" : [ {
        "sourceColumn" : "CUSTOMER_ID",
        "targetColumn" : "ID"
      } ],
      "name" : "FK_QUOTES_TO_CUSTOMERS_CCDTuz",
      "parentFetchOptions" : {
        "fetch" : false,
        "columnsFilter" : [ ]
      },
      "primary" : true,
      "selfRelation" : false,
      "sourceColumnsNotUniqueKey" : true,
      "sourceTable" : "QUOTES",
      "targetColumnsUniqueKey" : false,
      "targetTable" : "CUSTOMERS",
      "valid" : true,
      "virtual" : false
    }, {
      "cardinality" : "ManyToOne",
      "cascadeEnabled" : false,
      "cascadeOptions" : {
        "cascadeRemove" : "NONE",
        "cascadeReplace" : true
      },
      "columnsUniqueKey" : false,
      "composite" : false,
      "fetchOptions" : {
        "fetch" : true,
        "columnsFilter" : [ ]
      },
      "fieldName" : "products",
      "ignored" : false,
      "mappings" : [ {
        "sourceColumn" : "PRODUCT_ID",
        "targetColumn" : "ID"
      } ],
      "name" : "FK_QUOTES_TO_PRODUCTS_PRIU0WD",
      "parentFetchOptions" : {
        "fetch" : false,
        "columnsFilter" : [ ]
      },
      "primary" : true,
      "selfRelation" : false,
      "sourceColumnsNotUniqueKey" : true,
      "sourceTable" : "QUOTES",
      "targetColumnsUniqueKey" : false,
      "targetTable" : "PRODUCTS",
      "valid" : true,
      "virtual" : false
    }, {
      "cardinality" : "ManyToOne",
      "cascadeEnabled" : false,
      "cascadeOptions" : {
        "cascadeRemove" : "NONE",
        "cascadeReplace" : true
      },
      "columnsUniqueKey" : false,
      "composite" : false,
      "fetchOptions" : {
        "fetch" : true,
        "columnsFilter" : [ ]
      },
      "fieldName" : "quoteStatus",
      "ignored" : false,
      "mappings" : [ {
        "sourceColumn" : "QUOTE_STATUS_REF",
        "targetColumn" : "ID"
      } ],
      "name" : "FK_QUOTES_TO_QUOTE_STATUAPV0R",
      "parentFetchOptions" : {
        "fetch" : false,
        "columnsFilter" : [ ]
      },
      "primary" : true,
      "selfRelation" : false,
      "sourceColumnsNotUniqueKey" : true,
      "sourceTable" : "QUOTES",
      "targetColumnsUniqueKey" : false,
      "targetTable" : "QUOTE_STATUS",
      "valid" : true,
      "virtual" : false
    } ],
    "schema" : null,
    "tableDataLockingOptions" : {
      "versionColumnName" : "VERSION",
      "lockingStrategy" : "NONE",
      "overrideStrategy" : "INHERIT"
    },
    "temporals" : [ ],
    "type" : "TABLE"
  }, {
    "catalog" : "SalesVision",
    "columns" : [ {
      "columnValue" : {
        "insertable" : true,
        "updatable" : true,
        "defaultValue" : "",
        "type" : "user-defined"
      },
      "constraintList" : [ ],
      "fieldName" : "id",
      "foreignKey" : false,
      "generatorType" : "identity",
      "generatorValue" : null,
      "hidden" : false,
      "javaType" : "integer",
      "length" : 0,
      "name" : "ID",
      "nullable" : false,
      "oldName" : "ID",
      "partOfAnyRelation" : false,
      "partOfForeignKey" : false,
      "partOfPrimaryKey" : true,
      "partOfUniqueKey" : true,
      "period" : false,
      "precision" : 10,
      "primaryKey" : true,
      "scale" : 0,
      "sequenceSchema" : null,
      "sqlType" : "number",
      "unique" : true
    }, {
      "columnValue" : {
        "insertable" : true,
        "updatable" : true,
        "defaultValue" : "",
        "type" : "user-defined"
      },
      "constraintList" : [ ],
      "fieldName" : "taskPriority",
      "foreignKey" : false,
      "generatorType" : "assigned",
      "generatorValue" : null,
      "hidden" : false,
      "javaType" : "string",
      "length" : 255,
      "name" : "TASK_PRIORITY",
      "nullable" : true,
      "oldName" : "TASK_PRIORITY",
      "partOfAnyRelation" : false,
      "partOfForeignKey" : false,
      "partOfPrimaryKey" : false,
      "partOfUniqueKey" : false,
      "period" : false,
      "precision" : 0,
      "primaryKey" : false,
      "scale" : 0,
      "sequenceSchema" : null,
      "sqlType" : "string",
      "unique" : false
    } ],
    "constraints" : [ ],
    "entityName" : "TaskPriority",
    "filter" : null,
    "fullyQualifiedName" : "com.salesvision.salesvision.TaskPriority",
    "ignoreRefreshAfterInsert" : false,
    "name" : "TASK_PRIORITY",
    "oldName" : "TASK_PRIORITY",
    "primaryKey" : {
      "columns" : [ "ID" ],
      "composite" : false,
      "generator" : {
        "generatorType" : "identity",
        "generatorValue" : null,
        "schemaName" : null
      },
      "name" : "PRIMARY",
      "virtual" : false
    },
    "relations" : [ ],
    "schema" : null,
    "tableDataLockingOptions" : {
      "versionColumnName" : "VERSION",
      "lockingStrategy" : "NONE",
      "overrideStrategy" : "INHERIT"
    },
    "temporals" : [ ],
    "type" : "TABLE"
  } ]
}