<?xml version="1.0" encoding="utf-8"?>
<!--
      This is a Studio Managed File. DO NOT EDIT THIS FILE. Your changes may be reverted by Studio.
      Use project-user-spring.xml for adding new beans or overriding existing beans.
    -->
<beans xmlns="http://www.springframework.org/schema/beans"
       xmlns:context="http://www.springframework.org/schema/context"
       xmlns:xsi="http://www.w3.org/2001/XMLSchema-instance" xmlns:tx="http://www.springframework.org/schema/tx"
       xsi:schemaLocation="http://www.springframework.org/schema/beans http://www.springframework.org/schema/beans/spring-beans.xsd   http://www.springframework.org/schema/context http://www.springframework.org/schema/context/spring-context.xsd http://www.springframework.org/schema/tx http://www.springframework.org/schema/tx/spring-tx.xsd">

    <context:component-scan base-package="com.salesvision.salesvision.controller,com.salesvision.salesvision.service,com.salesvision.salesvision.dao"/>

    <bean id="SalesVisionHikariConfig" class="com.zaxxer.hikari.HikariConfig">
        <property name="jdbcUrl" value="${db.SalesVision.url}"/>
        <property name="driverClassName" value="${db.SalesVision.driverClass}"/>
        <property name="username" value="${db.SalesVision.username}"/>
        <property name="password" value="${db.SalesVision.password}"/>
        <property name="maximumPoolSize" value="${db.SalesVision.maxPoolSize}"/>
        <property name="minimumIdle" value="${db.SalesVision.minPoolSize}"/>
        <property name="connectionTimeout" value="30000" />
        <property name="validationTimeout" value="5000" />
        <property name="idleTimeout" value="600000" />
        <property name="maxLifetime" value="1800000" />
        <property name="initializationFailTimeout" value="-1" />
        <property name="leakDetectionThreshold" value="120000" />
        <property name="registerMbeans" value="false" />
    </bean>

    <bean id="SalesVisionWMManagedDataSource" class="com.zaxxer.hikari.HikariDataSource" destroy-method="close" lazy-init="true">
        <constructor-arg ref="SalesVisionHikariConfig"/>
    </bean>

    <bean id="SalesVisionEntityInterceptor" class="com.wavemaker.runtime.data.interceptors.WMEntityInterceptor"/>

    <bean id="SalesVisionSessionFactory" class="org.springframework.orm.hibernate5.LocalSessionFactoryBean">
        <property name="dataSource" ref="SalesVisionDataSource"/>
        <property name="packagesToScan" value="com.salesvision.salesvision"/>
        <property name="entityInterceptor" ref="SalesVisionEntityInterceptor"/>
        <property name="entityTypeFilters" ref="nonHistoryEntitiesFilter"/>
        <property name="mappingResources">
            <list>
                <value>
                SalesVision-queries.hbm.xml
                </value>
            </list>
        </property>

        <property name="hibernateProperties" ref="SalesVisionHibernateProperties"/>
    </bean>
    <bean id="SalesVisionTransactionManager" class="org.springframework.orm.hibernate5.HibernateTransactionManager">
        <property name="sessionFactory" ref="SalesVisionSessionFactory"/>
        <property name="defaultTimeout" value="${db.SalesVision.transactionTimeout}"/>
    </bean>
    <bean id="SalesVisionTemplate" class="org.springframework.orm.hibernate5.HibernateTemplate">
        <property name="sessionFactory" ref="SalesVisionSessionFactory"/>
    </bean>
    
    <bean id="SalesVisionWMQLTypeHelper" class="com.wavemaker.runtime.data.dao.query.types.wmql.WMQLDefaultTypeHelper" lazy-init="false" />
    
    <bean id="SalesVisionWMQueryExecutor" class="com.wavemaker.runtime.data.dao.query.WMQueryExecutorImpl">
        <property name="template" ref="SalesVisionTemplate"/>
    </bean>
    <bean id="SalesVisionWMProcedureExecutor" class="com.wavemaker.runtime.data.dao.procedure.WMProcedureExecutorImpl">
        <property name="template" ref="SalesVisionTemplate"/>
        <property name="serviceId" value="SalesVision"/>
    </bean>

    <bean id="SalesVisionHibernateProperties" class="org.springframework.beans.factory.config.PropertiesFactoryBean">
        <property name="properties">
            <props>
                <prop key="hibernate.dialect">
                ${db.SalesVision.dialect}
                </prop>
                <prop key="hibernate.show_sql">
                    false
                </prop>
                <prop key="hibernate.globally_quoted_identifiers">
                    false
                </prop>
                <prop key="hibernate.hbm2ddl.auto">
                ${db.SalesVision.hbm2ddl}
                </prop>
                <prop key="hibernate.temp.use_jdbc_metadata_defaults">
                    false
                </prop>
                <prop key="hibernate.schema_update.unique_constraint_strategy">
                    skip
                </prop>
            </props>
        </property>
    </bean>

    <bean id="SalesVisionPageableHandlerMethodResolver" class="com.wavemaker.runtime.resolver.WMPageableHandlerMethodArgumentResolver" >
        <property name="pageParameterName" value="page"/>
        <property name="sizeParameterName" value="size"/>
        <property name="oneIndexedParameters" value="true"/>
        <property name="maxPageSize" value="${db.SalesVision.maxPageSize}"/>
    </bean>

    <bean id="SalesVisionDataSource" class="com.wavemaker.runtime.data.datasource.WMDataSource">
        <property name="dataSourceType" value="${db.SalesVision.dataSourceType}"/>
        <property name="jndiName" value="${db.SalesVision.jndiName}"/>
        <property name="serviceId" value="SalesVision"/>
    </bean>


    <tx:annotation-driven/>

</beans>

