{
  "getProducts" : {
    "_id" : "wm-getProducts-wm.LiveVariable-1582701220695",
    "name" : "getProducts",
    "owner" : "Page",
    "category" : "wm.LiveVariable",
    "dataBinding" : [ ],
    "operation" : "read",
    "dataSet" : [ ],
    "type" : "Products",
    "isList" : false,
    "saveInPhonegap" : false,
    "maxResults" : 20,
    "designMaxResults" : 10,
    "inFlightBehavior" : "executeLast",
    "startUpdate" : true,
    "autoUpdate" : false,
    "transformationRequired" : false,
    "liveSource" : "SalesVision",
    "ignoreCase" : true,
    "matchMode" : "startignorecase",
    "orderBy" : "id asc",
    "propertiesMap" : {
      "columns" : [ {
        "fieldName" : "id",
        "type" : "integer",
        "fullyQualifiedType" : "integer",
        "columnName" : "ID",
        "isPrimaryKey" : true,
        "notNull" : true,
        "length" : 0,
        "precision" : 10,
        "generator" : "identity",
        "isRelated" : false,
        "scale" : 0
      }, {
        "fieldName" : "name",
        "type" : "string",
        "fullyQualifiedType" : "string",
        "columnName" : "NAME",
        "isPrimaryKey" : false,
        "notNull" : true,
        "length" : 40,
        "precision" : 0,
        "generator" : "assigned",
        "isRelated" : false,
        "scale" : 0
      } ],
      "entityName" : "Products",
      "fullyQualifiedName" : "com.salesvision.salesvision.Products",
      "tableType" : "TABLE",
      "primaryFields" : [ "id" ]
    },
    "bindCount" : 1,
    "tableName" : "PRODUCTS",
    "tableType" : "TABLE",
    "properties" : [ ],
    "relatedTables" : [ ],
    "filterFields" : { },
    "filterExpressions" : {
      "condition" : "AND",
      "rules" : [ {
        "target" : "",
        "type" : "string",
        "matchMode" : "anywhereignorecase",
        "value" : "",
        "required" : false,
        "secondvalue" : ""
      } ]
    },
    "package" : "com.salesvision.salesvision.Products"
  },
  "getTasks" : {
    "_id" : "wm-getTasks-wm.LiveVariable-1581324408383",
    "name" : "getTasks",
    "owner" : "Page",
    "category" : "wm.LiveVariable",
    "dataBinding" : [ ],
    "operation" : "read",
    "dataSet" : [ ],
    "type" : "Tasks",
    "isList" : false,
    "saveInPhonegap" : false,
    "maxResults" : 20,
    "designMaxResults" : 10,
    "inFlightBehavior" : "executeLast",
    "startUpdate" : true,
    "autoUpdate" : true,
    "transformationRequired" : false,
    "liveSource" : "SalesVision",
    "ignoreCase" : true,
    "matchMode" : "startignorecase",
    "orderBy" : "id asc",
    "propertiesMap" : {
      "columns" : [ {
        "fieldName" : "reps",
        "type" : "integer",
        "fullyQualifiedType" : "integer",
        "columnName" : "REP_ID",
        "isPrimaryKey" : false,
        "notNull" : false,
        "length" : 0,
        "precision" : 10,
        "generator" : "assigned",
        "isRelated" : true,
        "relatedTableName" : "REPS",
        "relatedEntityName" : "Reps",
        "relatedColumnName" : "repId",
        "relatedFieldName" : "reps.id",
        "isList" : false,
        "targetTable" : "REPS",
        "scale" : 0,
        "columns" : [ {
          "fieldName" : "repsByReportingHead",
          "type" : "integer",
          "fullyQualifiedType" : "integer",
          "columnName" : "REPORTING_HEAD",
          "isPrimaryKey" : false,
          "notNull" : false,
          "length" : 0,
          "precision" : 10,
          "generator" : "assigned",
          "isRelated" : true,
          "relatedColumnName" : "reportingHead",
          "targetTable" : "REPS",
          "scale" : 0
        }, {
          "fieldName" : "states",
          "type" : "integer",
          "fullyQualifiedType" : "integer",
          "columnName" : "STATE_ID_REF",
          "isPrimaryKey" : false,
          "notNull" : false,
          "length" : 0,
          "precision" : 10,
          "generator" : "assigned",
          "isRelated" : true,
          "relatedColumnName" : "stateIdRef",
          "targetTable" : "STATES",
          "scale" : 0
        }, {
          "fieldName" : "channels",
          "type" : "integer",
          "fullyQualifiedType" : "integer",
          "columnName" : "CHANNEL_TYPE",
          "isPrimaryKey" : false,
          "notNull" : false,
          "length" : 0,
          "precision" : 10,
          "generator" : "assigned",
          "isRelated" : true,
          "relatedColumnName" : "channelType",
          "targetTable" : "CHANNELS",
          "scale" : 0
        }, {
          "fieldName" : "id",
          "type" : "integer",
          "fullyQualifiedType" : "integer",
          "columnName" : "ID",
          "isPrimaryKey" : true,
          "notNull" : true,
          "length" : 0,
          "precision" : 10,
          "generator" : "identity",
          "isRelated" : false,
          "scale" : 0
        }, {
          "fieldName" : "name",
          "type" : "string",
          "fullyQualifiedType" : "string",
          "columnName" : "NAME",
          "isPrimaryKey" : false,
          "notNull" : true,
          "length" : 32,
          "precision" : 0,
          "generator" : "assigned",
          "isRelated" : false,
          "scale" : 0
        }, {
          "fieldName" : "street",
          "type" : "string",
          "fullyQualifiedType" : "string",
          "columnName" : "STREET",
          "isPrimaryKey" : false,
          "notNull" : false,
          "length" : 64,
          "precision" : 0,
          "generator" : "assigned",
          "isRelated" : false,
          "scale" : 0
        }, {
          "fieldName" : "city",
          "type" : "string",
          "fullyQualifiedType" : "string",
          "columnName" : "CITY",
          "isPrimaryKey" : false,
          "notNull" : false,
          "length" : 32,
          "precision" : 0,
          "generator" : "assigned",
          "isRelated" : false,
          "scale" : 0
        }, {
          "fieldName" : "state",
          "type" : "string",
          "fullyQualifiedType" : "string",
          "columnName" : "STATE",
          "isPrimaryKey" : false,
          "notNull" : false,
          "length" : 2,
          "precision" : 0,
          "generator" : "assigned",
          "isRelated" : false,
          "scale" : 0
        }, {
          "fieldName" : "zip",
          "type" : "string",
          "fullyQualifiedType" : "string",
          "columnName" : "ZIP",
          "isPrimaryKey" : false,
          "notNull" : false,
          "length" : 6,
          "precision" : 0,
          "generator" : "assigned",
          "isRelated" : false,
          "scale" : 0
        }, {
          "fieldName" : "picurl",
          "type" : "string",
          "fullyQualifiedType" : "string",
          "columnName" : "PICURL",
          "isPrimaryKey" : false,
          "notNull" : false,
          "length" : 1024,
          "precision" : 0,
          "generator" : "assigned",
          "isRelated" : false,
          "scale" : 0
        }, {
          "fieldName" : "password",
          "type" : "string",
          "fullyQualifiedType" : "string",
          "columnName" : "PASSWORD",
          "isPrimaryKey" : false,
          "notNull" : false,
          "length" : 32,
          "precision" : 0,
          "generator" : "assigned",
          "isRelated" : false,
          "scale" : 0
        }, {
          "fieldName" : "role",
          "type" : "string",
          "fullyQualifiedType" : "string",
          "columnName" : "ROLE",
          "isPrimaryKey" : false,
          "notNull" : false,
          "length" : 32,
          "precision" : 0,
          "generator" : "assigned",
          "isRelated" : false,
          "scale" : 0
        }, {
          "fieldName" : "username",
          "type" : "string",
          "fullyQualifiedType" : "string",
          "columnName" : "USERNAME",
          "isPrimaryKey" : false,
          "notNull" : false,
          "length" : 32,
          "precision" : 0,
          "generator" : "assigned",
          "isRelated" : false,
          "scale" : 0
        }, {
          "fieldName" : "email",
          "type" : "string",
          "fullyQualifiedType" : "string",
          "columnName" : "EMAIL",
          "isPrimaryKey" : false,
          "notNull" : false,
          "length" : 255,
          "precision" : 0,
          "generator" : "assigned",
          "isRelated" : false,
          "defaultValue" : "",
          "scale" : 0
        }, {
          "fieldName" : "phone",
          "type" : "string",
          "fullyQualifiedType" : "string",
          "columnName" : "PHONE",
          "isPrimaryKey" : false,
          "notNull" : false,
          "length" : 255,
          "precision" : 0,
          "generator" : "assigned",
          "isRelated" : false,
          "defaultValue" : "",
          "scale" : 0
        }, {
          "fieldName" : "officeAddress",
          "type" : "string",
          "fullyQualifiedType" : "string",
          "columnName" : "OFFICE_ADDRESS",
          "isPrimaryKey" : false,
          "notNull" : false,
          "length" : 555,
          "precision" : 0,
          "generator" : "assigned",
          "isRelated" : false,
          "defaultValue" : "",
          "scale" : 0
        } ]
      }, {
        "fieldName" : "taskPriority",
        "type" : "integer",
        "fullyQualifiedType" : "integer",
        "columnName" : "TASK_PRIORITY_REF",
        "isPrimaryKey" : false,
        "notNull" : false,
        "length" : 0,
        "precision" : 10,
        "generator" : "assigned",
        "isRelated" : true,
        "defaultValue" : "",
        "relatedTableName" : "TASK_PRIORITY",
        "relatedEntityName" : "TaskPriority",
        "relatedColumnName" : "taskPriorityRef",
        "relatedFieldName" : "taskPriority.id",
        "isList" : false,
        "targetTable" : "TASK_PRIORITY",
        "scale" : 0,
        "columns" : [ {
          "fieldName" : "id",
          "type" : "integer",
          "fullyQualifiedType" : "integer",
          "columnName" : "ID",
          "isPrimaryKey" : true,
          "notNull" : true,
          "length" : 0,
          "precision" : 10,
          "generator" : "identity",
          "isRelated" : false,
          "defaultValue" : "",
          "scale" : 0
        }, {
          "fieldName" : "taskPriority",
          "type" : "string",
          "fullyQualifiedType" : "string",
          "columnName" : "TASK_PRIORITY",
          "isPrimaryKey" : false,
          "notNull" : false,
          "length" : 255,
          "precision" : 0,
          "generator" : "assigned",
          "isRelated" : false,
          "defaultValue" : "",
          "scale" : 0
        } ]
      }, {
        "fieldName" : "id",
        "type" : "integer",
        "fullyQualifiedType" : "integer",
        "columnName" : "ID",
        "isPrimaryKey" : true,
        "notNull" : true,
        "length" : 0,
        "precision" : 10,
        "generator" : "identity",
        "isRelated" : false,
        "scale" : 0
      }, {
        "fieldName" : "duedate",
        "type" : "date",
        "fullyQualifiedType" : "date",
        "columnName" : "DUEDATE",
        "isPrimaryKey" : false,
        "notNull" : false,
        "length" : 0,
        "precision" : 0,
        "generator" : "assigned",
        "isRelated" : false,
        "scale" : 0
      }, {
        "fieldName" : "done",
        "type" : "boolean",
        "fullyQualifiedType" : "boolean",
        "columnName" : "DONE",
        "isPrimaryKey" : false,
        "notNull" : false,
        "length" : 0,
        "precision" : 1,
        "generator" : "assigned",
        "isRelated" : false,
        "defaultValue" : "0",
        "scale" : 0
      }, {
        "fieldName" : "description",
        "type" : "string",
        "fullyQualifiedType" : "string",
        "columnName" : "DESCRIPTION",
        "isPrimaryKey" : false,
        "notNull" : false,
        "length" : 655,
        "precision" : 0,
        "generator" : "assigned",
        "isRelated" : false,
        "defaultValue" : "",
        "scale" : 0
      } ],
      "entityName" : "Tasks",
      "fullyQualifiedName" : "com.salesvision.salesvision.Tasks",
      "tableType" : "TABLE",
      "primaryFields" : [ "id" ]
    },
    "bindCount" : 1,
    "tableName" : "TASKS",
    "tableType" : "TABLE",
    "properties" : [ "reps", "taskPriority" ],
    "relatedTables" : [ {
      "columnName" : "reps",
      "relationName" : "reps",
      "type" : "Reps",
      "watchOn" : "SalesVisionRepsData",
      "package" : "com.salesvision.salesvision.Tasks"
    }, {
      "columnName" : "taskPriority",
      "relationName" : "taskPriority",
      "type" : "TaskPriority",
      "watchOn" : "SalesVisionTaskPriorityData",
      "package" : "com.salesvision.salesvision.Tasks"
    } ],
    "filterFields" : { },
    "filterExpressions" : {
      "condition" : "AND",
      "rules" : [ {
        "target" : "duedate",
        "type" : "date",
        "matchMode" : "greaterthanequal",
        "value" : "bind:App.currentDate",
        "required" : false,
        "secondvalue" : "",
        "isFirst" : true
      }, {
        "target" : "repId",
        "type" : "integer",
        "matchMode" : "exact",
        "value" : "bind:Variables.loggedInUserNo.dataSet.id | stringToNumber",
        "required" : false,
        "secondvalue" : "",
        "isFirst" : true
      } ]
    },
    "package" : "com.salesvision.salesvision.Tasks"
  },
  "getTodaysTask" : {
    "_id" : "wm-getTodaysTask-wm.LiveVariable-1581340207671",
    "name" : "getTodaysTask",
    "owner" : "Page",
    "category" : "wm.LiveVariable",
    "dataBinding" : [ ],
    "operation" : "read",
    "dataSet" : [ ],
    "type" : "Tasks",
    "isList" : false,
    "saveInPhonegap" : false,
    "maxResults" : 20,
    "designMaxResults" : 10,
    "onSuccess" : "getTodaysTaskonSuccess(variable, data, options)",
    "inFlightBehavior" : "executeLast",
    "startUpdate" : true,
    "autoUpdate" : true,
    "transformationRequired" : false,
    "liveSource" : "SalesVision",
    "ignoreCase" : true,
    "matchMode" : "startignorecase",
    "orderBy" : "id asc",
    "propertiesMap" : {
      "columns" : [ {
        "fieldName" : "reps",
        "type" : "integer",
        "fullyQualifiedType" : "integer",
        "columnName" : "REP_ID",
        "isPrimaryKey" : false,
        "notNull" : false,
        "length" : 0,
        "precision" : 10,
        "generator" : "assigned",
        "isRelated" : true,
        "relatedTableName" : "REPS",
        "relatedEntityName" : "Reps",
        "relatedColumnName" : "repId",
        "relatedFieldName" : "reps.id",
        "isList" : false,
        "targetTable" : "REPS",
        "scale" : 0,
        "columns" : [ {
          "fieldName" : "repsByReportingHead",
          "type" : "integer",
          "fullyQualifiedType" : "integer",
          "columnName" : "REPORTING_HEAD",
          "isPrimaryKey" : false,
          "notNull" : false,
          "length" : 0,
          "precision" : 10,
          "generator" : "assigned",
          "isRelated" : true,
          "relatedColumnName" : "reportingHead",
          "targetTable" : "REPS",
          "scale" : 0
        }, {
          "fieldName" : "states",
          "type" : "integer",
          "fullyQualifiedType" : "integer",
          "columnName" : "STATE_ID_REF",
          "isPrimaryKey" : false,
          "notNull" : false,
          "length" : 0,
          "precision" : 10,
          "generator" : "assigned",
          "isRelated" : true,
          "relatedColumnName" : "stateIdRef",
          "targetTable" : "STATES",
          "scale" : 0
        }, {
          "fieldName" : "channels",
          "type" : "integer",
          "fullyQualifiedType" : "integer",
          "columnName" : "CHANNEL_TYPE",
          "isPrimaryKey" : false,
          "notNull" : false,
          "length" : 0,
          "precision" : 10,
          "generator" : "assigned",
          "isRelated" : true,
          "relatedColumnName" : "channelType",
          "targetTable" : "CHANNELS",
          "scale" : 0
        }, {
          "fieldName" : "id",
          "type" : "integer",
          "fullyQualifiedType" : "integer",
          "columnName" : "ID",
          "isPrimaryKey" : true,
          "notNull" : true,
          "length" : 0,
          "precision" : 10,
          "generator" : "identity",
          "isRelated" : false,
          "scale" : 0
        }, {
          "fieldName" : "name",
          "type" : "string",
          "fullyQualifiedType" : "string",
          "columnName" : "NAME",
          "isPrimaryKey" : false,
          "notNull" : true,
          "length" : 32,
          "precision" : 0,
          "generator" : "assigned",
          "isRelated" : false,
          "scale" : 0
        }, {
          "fieldName" : "street",
          "type" : "string",
          "fullyQualifiedType" : "string",
          "columnName" : "STREET",
          "isPrimaryKey" : false,
          "notNull" : false,
          "length" : 64,
          "precision" : 0,
          "generator" : "assigned",
          "isRelated" : false,
          "scale" : 0
        }, {
          "fieldName" : "city",
          "type" : "string",
          "fullyQualifiedType" : "string",
          "columnName" : "CITY",
          "isPrimaryKey" : false,
          "notNull" : false,
          "length" : 32,
          "precision" : 0,
          "generator" : "assigned",
          "isRelated" : false,
          "scale" : 0
        }, {
          "fieldName" : "state",
          "type" : "string",
          "fullyQualifiedType" : "string",
          "columnName" : "STATE",
          "isPrimaryKey" : false,
          "notNull" : false,
          "length" : 2,
          "precision" : 0,
          "generator" : "assigned",
          "isRelated" : false,
          "scale" : 0
        }, {
          "fieldName" : "zip",
          "type" : "string",
          "fullyQualifiedType" : "string",
          "columnName" : "ZIP",
          "isPrimaryKey" : false,
          "notNull" : false,
          "length" : 6,
          "precision" : 0,
          "generator" : "assigned",
          "isRelated" : false,
          "scale" : 0
        }, {
          "fieldName" : "picurl",
          "type" : "string",
          "fullyQualifiedType" : "string",
          "columnName" : "PICURL",
          "isPrimaryKey" : false,
          "notNull" : false,
          "length" : 1024,
          "precision" : 0,
          "generator" : "assigned",
          "isRelated" : false,
          "scale" : 0
        }, {
          "fieldName" : "password",
          "type" : "string",
          "fullyQualifiedType" : "string",
          "columnName" : "PASSWORD",
          "isPrimaryKey" : false,
          "notNull" : false,
          "length" : 32,
          "precision" : 0,
          "generator" : "assigned",
          "isRelated" : false,
          "scale" : 0
        }, {
          "fieldName" : "role",
          "type" : "string",
          "fullyQualifiedType" : "string",
          "columnName" : "ROLE",
          "isPrimaryKey" : false,
          "notNull" : false,
          "length" : 32,
          "precision" : 0,
          "generator" : "assigned",
          "isRelated" : false,
          "scale" : 0
        }, {
          "fieldName" : "username",
          "type" : "string",
          "fullyQualifiedType" : "string",
          "columnName" : "USERNAME",
          "isPrimaryKey" : false,
          "notNull" : false,
          "length" : 32,
          "precision" : 0,
          "generator" : "assigned",
          "isRelated" : false,
          "scale" : 0
        }, {
          "fieldName" : "email",
          "type" : "string",
          "fullyQualifiedType" : "string",
          "columnName" : "EMAIL",
          "isPrimaryKey" : false,
          "notNull" : false,
          "length" : 255,
          "precision" : 0,
          "generator" : "assigned",
          "isRelated" : false,
          "defaultValue" : "",
          "scale" : 0
        }, {
          "fieldName" : "phone",
          "type" : "string",
          "fullyQualifiedType" : "string",
          "columnName" : "PHONE",
          "isPrimaryKey" : false,
          "notNull" : false,
          "length" : 255,
          "precision" : 0,
          "generator" : "assigned",
          "isRelated" : false,
          "defaultValue" : "",
          "scale" : 0
        }, {
          "fieldName" : "officeAddress",
          "type" : "string",
          "fullyQualifiedType" : "string",
          "columnName" : "OFFICE_ADDRESS",
          "isPrimaryKey" : false,
          "notNull" : false,
          "length" : 555,
          "precision" : 0,
          "generator" : "assigned",
          "isRelated" : false,
          "defaultValue" : "",
          "scale" : 0
        } ]
      }, {
        "fieldName" : "taskPriority",
        "type" : "integer",
        "fullyQualifiedType" : "integer",
        "columnName" : "TASK_PRIORITY_REF",
        "isPrimaryKey" : false,
        "notNull" : false,
        "length" : 0,
        "precision" : 10,
        "generator" : "assigned",
        "isRelated" : true,
        "defaultValue" : "",
        "relatedTableName" : "TASK_PRIORITY",
        "relatedEntityName" : "TaskPriority",
        "relatedColumnName" : "taskPriorityRef",
        "relatedFieldName" : "taskPriority.id",
        "isList" : false,
        "targetTable" : "TASK_PRIORITY",
        "scale" : 0,
        "columns" : [ {
          "fieldName" : "id",
          "type" : "integer",
          "fullyQualifiedType" : "integer",
          "columnName" : "ID",
          "isPrimaryKey" : true,
          "notNull" : true,
          "length" : 0,
          "precision" : 10,
          "generator" : "identity",
          "isRelated" : false,
          "defaultValue" : "",
          "scale" : 0
        }, {
          "fieldName" : "taskPriority",
          "type" : "string",
          "fullyQualifiedType" : "string",
          "columnName" : "TASK_PRIORITY",
          "isPrimaryKey" : false,
          "notNull" : false,
          "length" : 255,
          "precision" : 0,
          "generator" : "assigned",
          "isRelated" : false,
          "defaultValue" : "",
          "scale" : 0
        } ]
      }, {
        "fieldName" : "id",
        "type" : "integer",
        "fullyQualifiedType" : "integer",
        "columnName" : "ID",
        "isPrimaryKey" : true,
        "notNull" : true,
        "length" : 0,
        "precision" : 10,
        "generator" : "identity",
        "isRelated" : false,
        "scale" : 0
      }, {
        "fieldName" : "duedate",
        "type" : "date",
        "fullyQualifiedType" : "date",
        "columnName" : "DUEDATE",
        "isPrimaryKey" : false,
        "notNull" : false,
        "length" : 0,
        "precision" : 0,
        "generator" : "assigned",
        "isRelated" : false,
        "scale" : 0
      }, {
        "fieldName" : "done",
        "type" : "boolean",
        "fullyQualifiedType" : "boolean",
        "columnName" : "DONE",
        "isPrimaryKey" : false,
        "notNull" : false,
        "length" : 0,
        "precision" : 1,
        "generator" : "assigned",
        "isRelated" : false,
        "defaultValue" : "0",
        "scale" : 0
      }, {
        "fieldName" : "description",
        "type" : "string",
        "fullyQualifiedType" : "string",
        "columnName" : "DESCRIPTION",
        "isPrimaryKey" : false,
        "notNull" : false,
        "length" : 655,
        "precision" : 0,
        "generator" : "assigned",
        "isRelated" : false,
        "defaultValue" : "",
        "scale" : 0
      } ],
      "entityName" : "Tasks",
      "fullyQualifiedName" : "com.salesvision.salesvision.Tasks",
      "tableType" : "TABLE",
      "primaryFields" : [ "id" ]
    },
    "tableName" : "TASKS",
    "tableType" : "TABLE",
    "properties" : [ "reps", "taskPriority" ],
    "relatedTables" : [ {
      "columnName" : "reps",
      "relationName" : "reps",
      "type" : "Reps",
      "watchOn" : "SalesVisionRepsData",
      "package" : "com.salesvision.salesvision.Tasks"
    }, {
      "columnName" : "taskPriority",
      "relationName" : "taskPriority",
      "type" : "TaskPriority",
      "watchOn" : "SalesVisionTaskPriorityData",
      "package" : "com.salesvision.salesvision.Tasks"
    } ],
    "filterFields" : { },
    "filterExpressions" : {
      "condition" : "AND",
      "rules" : [ {
        "target" : "duedate",
        "type" : "date",
        "matchMode" : "exact",
        "value" : "bind:App.currentDate",
        "required" : false,
        "secondvalue" : "",
        "isFirst" : true
      } ]
    },
    "package" : "com.salesvision.salesvision.Tasks"
  },
  "SalesVisionQuotesData" : {
    "_id" : "wm-SalesVisionQuotesData-wm.LiveVariable-1580981317117",
    "name" : "SalesVisionQuotesData",
    "owner" : "Page",
    "category" : "wm.LiveVariable",
    "dataBinding" : [ ],
    "operation" : "read",
    "dataSet" : [ ],
    "type" : "Quotes",
    "isList" : true,
    "saveInPhonegap" : false,
    "maxResults" : 20,
    "designMaxResults" : 12,
    "inFlightBehavior" : "executeLast",
    "startUpdate" : true,
    "autoUpdate" : false,
    "transformationRequired" : false,
    "liveSource" : "SalesVision",
    "ignoreCase" : true,
    "matchMode" : "startignorecase",
    "orderBy" : "id asc",
    "propertiesMap" : {
      "columns" : [ {
        "fieldName" : "reps",
        "type" : "integer",
        "fullyQualifiedType" : "integer",
        "columnName" : "REP_ID",
        "isPrimaryKey" : false,
        "notNull" : false,
        "length" : 0,
        "precision" : 10,
        "generator" : "assigned",
        "isRelated" : true,
        "relatedTableName" : "REPS",
        "relatedEntityName" : "Reps",
        "relatedColumnName" : "repId",
        "relatedFieldName" : "reps.id",
        "isList" : false,
        "targetTable" : "REPS",
        "scale" : 0,
        "columns" : [ {
          "fieldName" : "repsByReportingHead",
          "type" : "integer",
          "fullyQualifiedType" : "integer",
          "columnName" : "REPORTING_HEAD",
          "isPrimaryKey" : false,
          "notNull" : false,
          "length" : 0,
          "precision" : 10,
          "generator" : "assigned",
          "isRelated" : true,
          "relatedColumnName" : "reportingHead",
          "targetTable" : "REPS",
          "scale" : 0
        }, {
          "fieldName" : "states",
          "type" : "integer",
          "fullyQualifiedType" : "integer",
          "columnName" : "STATE_ID_REF",
          "isPrimaryKey" : false,
          "notNull" : false,
          "length" : 0,
          "precision" : 10,
          "generator" : "assigned",
          "isRelated" : true,
          "relatedColumnName" : "stateIdRef",
          "targetTable" : "STATES",
          "scale" : 0
        }, {
          "fieldName" : "channels",
          "type" : "integer",
          "fullyQualifiedType" : "integer",
          "columnName" : "CHANNEL_TYPE",
          "isPrimaryKey" : false,
          "notNull" : false,
          "length" : 0,
          "precision" : 10,
          "generator" : "assigned",
          "isRelated" : true,
          "relatedColumnName" : "channelType",
          "targetTable" : "CHANNELS",
          "scale" : 0
        }, {
          "fieldName" : "id",
          "type" : "integer",
          "fullyQualifiedType" : "integer",
          "columnName" : "ID",
          "isPrimaryKey" : true,
          "notNull" : true,
          "length" : 0,
          "precision" : 10,
          "generator" : "identity",
          "isRelated" : false,
          "scale" : 0
        }, {
          "fieldName" : "name",
          "type" : "string",
          "fullyQualifiedType" : "string",
          "columnName" : "NAME",
          "isPrimaryKey" : false,
          "notNull" : true,
          "length" : 32,
          "precision" : 0,
          "generator" : "assigned",
          "isRelated" : false,
          "scale" : 0
        }, {
          "fieldName" : "street",
          "type" : "string",
          "fullyQualifiedType" : "string",
          "columnName" : "STREET",
          "isPrimaryKey" : false,
          "notNull" : false,
          "length" : 64,
          "precision" : 0,
          "generator" : "assigned",
          "isRelated" : false,
          "scale" : 0
        }, {
          "fieldName" : "city",
          "type" : "string",
          "fullyQualifiedType" : "string",
          "columnName" : "CITY",
          "isPrimaryKey" : false,
          "notNull" : false,
          "length" : 32,
          "precision" : 0,
          "generator" : "assigned",
          "isRelated" : false,
          "scale" : 0
        }, {
          "fieldName" : "state",
          "type" : "string",
          "fullyQualifiedType" : "string",
          "columnName" : "STATE",
          "isPrimaryKey" : false,
          "notNull" : false,
          "length" : 2,
          "precision" : 0,
          "generator" : "assigned",
          "isRelated" : false,
          "scale" : 0
        }, {
          "fieldName" : "zip",
          "type" : "string",
          "fullyQualifiedType" : "string",
          "columnName" : "ZIP",
          "isPrimaryKey" : false,
          "notNull" : false,
          "length" : 6,
          "precision" : 0,
          "generator" : "assigned",
          "isRelated" : false,
          "scale" : 0
        }, {
          "fieldName" : "picurl",
          "type" : "string",
          "fullyQualifiedType" : "string",
          "columnName" : "PICURL",
          "isPrimaryKey" : false,
          "notNull" : false,
          "length" : 1024,
          "precision" : 0,
          "generator" : "assigned",
          "isRelated" : false,
          "scale" : 0
        }, {
          "fieldName" : "password",
          "type" : "string",
          "fullyQualifiedType" : "string",
          "columnName" : "PASSWORD",
          "isPrimaryKey" : false,
          "notNull" : false,
          "length" : 32,
          "precision" : 0,
          "generator" : "assigned",
          "isRelated" : false,
          "scale" : 0
        }, {
          "fieldName" : "role",
          "type" : "string",
          "fullyQualifiedType" : "string",
          "columnName" : "ROLE",
          "isPrimaryKey" : false,
          "notNull" : false,
          "length" : 32,
          "precision" : 0,
          "generator" : "assigned",
          "isRelated" : false,
          "scale" : 0
        }, {
          "fieldName" : "username",
          "type" : "string",
          "fullyQualifiedType" : "string",
          "columnName" : "USERNAME",
          "isPrimaryKey" : false,
          "notNull" : false,
          "length" : 32,
          "precision" : 0,
          "generator" : "assigned",
          "isRelated" : false,
          "scale" : 0
        }, {
          "fieldName" : "email",
          "type" : "string",
          "fullyQualifiedType" : "string",
          "columnName" : "EMAIL",
          "isPrimaryKey" : false,
          "notNull" : false,
          "length" : 255,
          "precision" : 0,
          "generator" : "assigned",
          "isRelated" : false,
          "defaultValue" : "",
          "scale" : 0
        }, {
          "fieldName" : "phone",
          "type" : "string",
          "fullyQualifiedType" : "string",
          "columnName" : "PHONE",
          "isPrimaryKey" : false,
          "notNull" : false,
          "length" : 255,
          "precision" : 0,
          "generator" : "assigned",
          "isRelated" : false,
          "defaultValue" : "",
          "scale" : 0
        }, {
          "fieldName" : "officeAddress",
          "type" : "string",
          "fullyQualifiedType" : "string",
          "columnName" : "OFFICE_ADDRESS",
          "isPrimaryKey" : false,
          "notNull" : false,
          "length" : 555,
          "precision" : 0,
          "generator" : "assigned",
          "isRelated" : false,
          "defaultValue" : "",
          "scale" : 0
        } ]
      }, {
        "fieldName" : "customers",
        "type" : "integer",
        "fullyQualifiedType" : "integer",
        "columnName" : "CUSTOMER_ID",
        "isPrimaryKey" : false,
        "notNull" : false,
        "length" : 0,
        "precision" : 10,
        "generator" : "assigned",
        "isRelated" : true,
        "defaultValue" : "",
        "relatedTableName" : "CUSTOMERS",
        "relatedEntityName" : "Customers",
        "relatedColumnName" : "customerId",
        "relatedFieldName" : "customers.id",
        "isList" : false,
        "targetTable" : "CUSTOMERS",
        "scale" : 0,
        "columns" : [ {
          "fieldName" : "states",
          "type" : "integer",
          "fullyQualifiedType" : "integer",
          "columnName" : "STATE_ID",
          "isPrimaryKey" : false,
          "notNull" : false,
          "length" : 0,
          "precision" : 10,
          "generator" : "assigned",
          "isRelated" : true,
          "relatedColumnName" : "stateId",
          "targetTable" : "STATES",
          "scale" : 0
        }, {
          "fieldName" : "id",
          "type" : "integer",
          "fullyQualifiedType" : "integer",
          "columnName" : "ID",
          "isPrimaryKey" : true,
          "notNull" : true,
          "length" : 0,
          "precision" : 10,
          "generator" : "identity",
          "isRelated" : false,
          "scale" : 0
        }, {
          "fieldName" : "name",
          "type" : "string",
          "fullyQualifiedType" : "string",
          "columnName" : "NAME",
          "isPrimaryKey" : false,
          "notNull" : true,
          "length" : 32,
          "precision" : 0,
          "generator" : "assigned",
          "isRelated" : false,
          "scale" : 0
        }, {
          "fieldName" : "company",
          "type" : "string",
          "fullyQualifiedType" : "string",
          "columnName" : "COMPANY",
          "isPrimaryKey" : false,
          "notNull" : false,
          "length" : 255,
          "precision" : 0,
          "generator" : "assigned",
          "isRelated" : false,
          "defaultValue" : "",
          "scale" : 0
        } ]
      }, {
        "fieldName" : "products",
        "type" : "integer",
        "fullyQualifiedType" : "integer",
        "columnName" : "PRODUCT_ID",
        "isPrimaryKey" : false,
        "notNull" : false,
        "length" : 0,
        "precision" : 10,
        "generator" : "assigned",
        "isRelated" : true,
        "defaultValue" : "",
        "relatedTableName" : "PRODUCTS",
        "relatedEntityName" : "Products",
        "relatedColumnName" : "productId",
        "relatedFieldName" : "products.id",
        "isList" : false,
        "targetTable" : "PRODUCTS",
        "scale" : 0,
        "columns" : [ {
          "fieldName" : "id",
          "type" : "integer",
          "fullyQualifiedType" : "integer",
          "columnName" : "ID",
          "isPrimaryKey" : true,
          "notNull" : true,
          "length" : 0,
          "precision" : 10,
          "generator" : "identity",
          "isRelated" : false,
          "scale" : 0
        }, {
          "fieldName" : "name",
          "type" : "string",
          "fullyQualifiedType" : "string",
          "columnName" : "NAME",
          "isPrimaryKey" : false,
          "notNull" : true,
          "length" : 40,
          "precision" : 0,
          "generator" : "assigned",
          "isRelated" : false,
          "scale" : 0
        } ]
      }, {
        "fieldName" : "quoteStatus",
        "type" : "integer",
        "fullyQualifiedType" : "integer",
        "columnName" : "QUOTE_STATUS_REF",
        "isPrimaryKey" : false,
        "notNull" : false,
        "length" : 0,
        "precision" : 10,
        "generator" : "assigned",
        "isRelated" : true,
        "defaultValue" : "",
        "relatedTableName" : "QUOTE_STATUS",
        "relatedEntityName" : "QuoteStatus",
        "relatedColumnName" : "quoteStatusRef",
        "relatedFieldName" : "quoteStatus.id",
        "isList" : false,
        "targetTable" : "QUOTE_STATUS",
        "scale" : 0,
        "columns" : [ {
          "fieldName" : "id",
          "type" : "integer",
          "fullyQualifiedType" : "integer",
          "columnName" : "ID",
          "isPrimaryKey" : true,
          "notNull" : true,
          "length" : 0,
          "precision" : 10,
          "generator" : "identity",
          "isRelated" : false,
          "defaultValue" : "",
          "scale" : 0
        }, {
          "fieldName" : "quoteStatus",
          "type" : "string",
          "fullyQualifiedType" : "string",
          "columnName" : "QUOTE_STATUS",
          "isPrimaryKey" : false,
          "notNull" : false,
          "length" : 255,
          "precision" : 0,
          "generator" : "assigned",
          "isRelated" : false,
          "defaultValue" : "",
          "scale" : 0
        } ]
      }, {
        "fieldName" : "id",
        "type" : "integer",
        "fullyQualifiedType" : "integer",
        "columnName" : "ID",
        "isPrimaryKey" : true,
        "notNull" : true,
        "length" : 0,
        "precision" : 10,
        "generator" : "identity",
        "isRelated" : false,
        "scale" : 0
      }, {
        "fieldName" : "entryDate",
        "type" : "date",
        "fullyQualifiedType" : "date",
        "columnName" : "ENTRY_DATE",
        "isPrimaryKey" : false,
        "notNull" : false,
        "length" : 0,
        "precision" : 0,
        "generator" : "assigned",
        "isRelated" : false,
        "scale" : 0
      }, {
        "fieldName" : "estimatedSale",
        "type" : "integer",
        "fullyQualifiedType" : "integer",
        "columnName" : "ESTIMATED_SALE",
        "isPrimaryKey" : false,
        "notNull" : false,
        "length" : 0,
        "precision" : 10,
        "generator" : "assigned",
        "isRelated" : false,
        "scale" : 0
      }, {
        "fieldName" : "expectedCloseDate",
        "type" : "date",
        "fullyQualifiedType" : "date",
        "columnName" : "EXPECTED_CLOSE_DATE",
        "isPrimaryKey" : false,
        "notNull" : false,
        "length" : 0,
        "precision" : 0,
        "generator" : "assigned",
        "isRelated" : false,
        "scale" : 0
      }, {
        "fieldName" : "isSalesConverted",
        "type" : "boolean",
        "fullyQualifiedType" : "boolean",
        "columnName" : "IS_SALES_CONVERTED",
        "isPrimaryKey" : false,
        "notNull" : false,
        "length" : 0,
        "precision" : 1,
        "generator" : "assigned",
        "isRelated" : false,
        "scale" : 0
      } ],
      "entityName" : "Quotes",
      "fullyQualifiedName" : "com.salesvision.salesvision.Quotes",
      "tableType" : "TABLE",
      "primaryFields" : [ "id" ]
    },
    "isDefault" : true,
    "bindCount" : 1,
    "tableName" : "QUOTES",
    "tableType" : "TABLE",
    "properties" : [ "reps", "customers", "products", "quoteStatus" ],
    "relatedTables" : [ {
      "columnName" : "reps",
      "relationName" : "reps",
      "type" : "Reps",
      "watchOn" : "SalesVisionRepsData",
      "package" : "com.salesvision.salesvision.Quotes"
    }, {
      "columnName" : "customers",
      "relationName" : "customers",
      "type" : "Customers",
      "watchOn" : "SalesVisionCustomersData",
      "package" : "com.salesvision.salesvision.Quotes"
    }, {
      "columnName" : "products",
      "relationName" : "products",
      "type" : "Products",
      "watchOn" : "SalesVisionProductsData",
      "package" : "com.salesvision.salesvision.Quotes"
    }, {
      "columnName" : "quoteStatus",
      "relationName" : "quoteStatus",
      "type" : "QuoteStatus",
      "watchOn" : "SalesVisionQuoteStatusData",
      "package" : "com.salesvision.salesvision.Quotes"
    } ],
    "filterFields" : { },
    "filterExpressions" : {
      "condition" : "AND",
      "rules" : [ {
        "target" : "reps.id",
        "type" : "integer",
        "matchMode" : "exact",
        "value" : "bind:Variables.loggedInUserNo.dataSet.id | stringToNumber",
        "required" : false,
        "secondvalue" : "",
        "isFirst" : true
      }, {
        "target" : "quoteStatusRef",
        "type" : "integer",
        "matchMode" : "notequals",
        "value" : 6,
        "required" : false,
        "secondvalue" : ""
      } ]
    },
    "package" : "com.salesvision.salesvision.Quotes"
  },
  "SalesVisionSalesData" : {
    "_id" : "wm-SalesVisionSalesData-wm.LiveVariable-1582269074534",
    "name" : "SalesVisionSalesData",
    "owner" : "Page",
    "category" : "wm.LiveVariable",
    "dataBinding" : [ ],
    "operation" : "read",
    "dataSet" : [ ],
    "type" : "Sales",
    "isList" : true,
    "saveInPhonegap" : false,
    "maxResults" : 20,
    "designMaxResults" : 10,
    "inFlightBehavior" : "executeLast",
    "startUpdate" : false,
    "autoUpdate" : false,
    "transformationRequired" : false,
    "liveSource" : "SalesVision",
    "ignoreCase" : true,
    "matchMode" : "startignorecase",
    "orderBy" : "id asc",
    "propertiesMap" : {
      "columns" : [ {
        "fieldName" : "products",
        "type" : "integer",
        "fullyQualifiedType" : "integer",
        "columnName" : "PRODUCT_ID",
        "isPrimaryKey" : false,
        "notNull" : false,
        "length" : 0,
        "precision" : 10,
        "generator" : "assigned",
        "isRelated" : true,
        "relatedTableName" : "PRODUCTS",
        "relatedEntityName" : "Products",
        "relatedColumnName" : "productId",
        "relatedFieldName" : "products.id",
        "isList" : false,
        "targetTable" : "PRODUCTS",
        "scale" : 0,
        "columns" : [ {
          "fieldName" : "id",
          "type" : "integer",
          "fullyQualifiedType" : "integer",
          "columnName" : "ID",
          "isPrimaryKey" : true,
          "notNull" : true,
          "length" : 0,
          "precision" : 10,
          "generator" : "identity",
          "isRelated" : false,
          "scale" : 0
        }, {
          "fieldName" : "name",
          "type" : "string",
          "fullyQualifiedType" : "string",
          "columnName" : "NAME",
          "isPrimaryKey" : false,
          "notNull" : true,
          "length" : 40,
          "precision" : 0,
          "generator" : "assigned",
          "isRelated" : false,
          "scale" : 0
        } ]
      }, {
        "fieldName" : "quotes",
        "type" : "integer",
        "fullyQualifiedType" : "integer",
        "columnName" : "QUOTE_ID",
        "isPrimaryKey" : false,
        "notNull" : false,
        "length" : 0,
        "precision" : 10,
        "generator" : "assigned",
        "isRelated" : true,
        "relatedTableName" : "QUOTES",
        "relatedEntityName" : "Quotes",
        "relatedColumnName" : "quoteId",
        "relatedFieldName" : "quotes.id",
        "isList" : false,
        "targetTable" : "QUOTES",
        "scale" : 0,
        "columns" : [ {
          "fieldName" : "reps",
          "type" : "integer",
          "fullyQualifiedType" : "integer",
          "columnName" : "REP_ID",
          "isPrimaryKey" : false,
          "notNull" : false,
          "length" : 0,
          "precision" : 10,
          "generator" : "assigned",
          "isRelated" : true,
          "relatedColumnName" : "repId",
          "targetTable" : "REPS",
          "scale" : 0
        }, {
          "fieldName" : "customers",
          "type" : "integer",
          "fullyQualifiedType" : "integer",
          "columnName" : "CUSTOMER_ID",
          "isPrimaryKey" : false,
          "notNull" : false,
          "length" : 0,
          "precision" : 10,
          "generator" : "assigned",
          "isRelated" : true,
          "defaultValue" : "",
          "relatedColumnName" : "customerId",
          "targetTable" : "CUSTOMERS",
          "scale" : 0
        }, {
          "fieldName" : "products",
          "type" : "integer",
          "fullyQualifiedType" : "integer",
          "columnName" : "PRODUCT_ID",
          "isPrimaryKey" : false,
          "notNull" : false,
          "length" : 0,
          "precision" : 10,
          "generator" : "assigned",
          "isRelated" : true,
          "defaultValue" : "",
          "relatedColumnName" : "productId",
          "targetTable" : "PRODUCTS",
          "scale" : 0
        }, {
          "fieldName" : "quoteStatus",
          "type" : "integer",
          "fullyQualifiedType" : "integer",
          "columnName" : "QUOTE_STATUS_REF",
          "isPrimaryKey" : false,
          "notNull" : false,
          "length" : 0,
          "precision" : 10,
          "generator" : "assigned",
          "isRelated" : true,
          "defaultValue" : "",
          "relatedColumnName" : "quoteStatusRef",
          "targetTable" : "QUOTE_STATUS",
          "scale" : 0
        }, {
          "fieldName" : "id",
          "type" : "integer",
          "fullyQualifiedType" : "integer",
          "columnName" : "ID",
          "isPrimaryKey" : true,
          "notNull" : true,
          "length" : 0,
          "precision" : 10,
          "generator" : "identity",
          "isRelated" : false,
          "scale" : 0
        }, {
          "fieldName" : "entryDate",
          "type" : "date",
          "fullyQualifiedType" : "date",
          "columnName" : "ENTRY_DATE",
          "isPrimaryKey" : false,
          "notNull" : false,
          "length" : 0,
          "precision" : 0,
          "generator" : "assigned",
          "isRelated" : false,
          "scale" : 0
        }, {
          "fieldName" : "estimatedSale",
          "type" : "integer",
          "fullyQualifiedType" : "integer",
          "columnName" : "ESTIMATED_SALE",
          "isPrimaryKey" : false,
          "notNull" : false,
          "length" : 0,
          "precision" : 10,
          "generator" : "assigned",
          "isRelated" : false,
          "scale" : 0
        }, {
          "fieldName" : "expectedCloseDate",
          "type" : "date",
          "fullyQualifiedType" : "date",
          "columnName" : "EXPECTED_CLOSE_DATE",
          "isPrimaryKey" : false,
          "notNull" : false,
          "length" : 0,
          "precision" : 0,
          "generator" : "assigned",
          "isRelated" : false,
          "scale" : 0
        }, {
          "fieldName" : "isSalesConverted",
          "type" : "boolean",
          "fullyQualifiedType" : "boolean",
          "columnName" : "IS_SALES_CONVERTED",
          "isPrimaryKey" : false,
          "notNull" : false,
          "length" : 0,
          "precision" : 1,
          "generator" : "assigned",
          "isRelated" : false,
          "scale" : 0
        } ]
      }, {
        "fieldName" : "id",
        "type" : "integer",
        "fullyQualifiedType" : "integer",
        "columnName" : "ID",
        "isPrimaryKey" : true,
        "notNull" : true,
        "length" : 0,
        "precision" : 10,
        "generator" : "identity",
        "isRelated" : false,
        "scale" : 0
      }, {
        "fieldName" : "entryDate",
        "type" : "date",
        "fullyQualifiedType" : "date",
        "columnName" : "ENTRY_DATE",
        "isPrimaryKey" : false,
        "notNull" : false,
        "length" : 0,
        "precision" : 0,
        "generator" : "assigned",
        "isRelated" : false,
        "scale" : 0
      }, {
        "fieldName" : "sales",
        "type" : "integer",
        "fullyQualifiedType" : "integer",
        "columnName" : "SALES",
        "isPrimaryKey" : false,
        "notNull" : false,
        "length" : 0,
        "precision" : 10,
        "generator" : "assigned",
        "isRelated" : false,
        "scale" : 0
      }, {
        "fieldName" : "isRenewal",
        "type" : "boolean",
        "fullyQualifiedType" : "boolean",
        "columnName" : "IS_RENEWAL",
        "isPrimaryKey" : false,
        "notNull" : false,
        "length" : 0,
        "precision" : 1,
        "generator" : "assigned",
        "isRelated" : false,
        "scale" : 0
      }, {
        "fieldName" : "comments",
        "type" : "string",
        "fullyQualifiedType" : "string",
        "columnName" : "COMMENTS",
        "isPrimaryKey" : false,
        "notNull" : false,
        "length" : 555,
        "precision" : 0,
        "generator" : "assigned",
        "isRelated" : false,
        "defaultValue" : "",
        "scale" : 0
      }, {
        "fieldName" : "renewalPeriod",
        "type" : "integer",
        "fullyQualifiedType" : "integer",
        "columnName" : "RENEWAL_PERIOD",
        "isPrimaryKey" : false,
        "notNull" : false,
        "length" : 0,
        "precision" : 10,
        "generator" : "assigned",
        "isRelated" : false,
        "defaultValue" : "",
        "scale" : 0
      } ],
      "entityName" : "Sales",
      "fullyQualifiedName" : "com.salesvision.salesvision.Sales",
      "tableType" : "TABLE",
      "primaryFields" : [ "id" ]
    },
    "isDefault" : true,
    "bindCount" : 1,
    "tableName" : "SALES",
    "tableType" : "TABLE",
    "properties" : [ "products", "quotes" ],
    "relatedTables" : [ {
      "columnName" : "products",
      "relationName" : "products",
      "type" : "Products",
      "watchOn" : "SalesVisionProductsData",
      "package" : "com.salesvision.salesvision.Sales"
    }, {
      "columnName" : "quotes",
      "relationName" : "quotes",
      "type" : "Quotes",
      "watchOn" : "SalesVisionQuotesData",
      "package" : "com.salesvision.salesvision.Sales"
    } ],
    "filterExpressions" : { },
    "package" : "com.salesvision.salesvision.Sales"
  },
  "UpdateQuoteStatusConverted" : {
    "_id" : "wm-UpdateQuoteStatusConverted-wm.ServiceVariable-1582703467808",
    "name" : "UpdateQuoteStatusConverted",
    "owner" : "Page",
    "category" : "wm.ServiceVariable",
    "dataBinding" : [ {
      "target" : "quoteId",
      "value" : "bind:Widgets.salesPipelineTable.selecteditem.id",
      "type" : "integer"
    } ],
    "type" : "com.wavemaker.commons.wrapper.IntegerWrapper",
    "service" : "SalesVision",
    "operation" : "executeUpdateQuoteStatusConverted",
    "operationId" : "QueryExecutionController_executeUpdateQuoteStatusConverted",
    "operationType" : "put",
    "serviceType" : "DataService",
    "dataSet" : [ ],
    "isList" : false,
    "maxResults" : 20,
    "startUpdate" : false,
    "autoUpdate" : false,
    "inFlightBehavior" : "executeLast",
    "transformationRequired" : false,
    "saveInPhonegap" : false,
    "controller" : "QueryExecution"
  }
}