<?xml version="1.0" encoding="UTF-8" standalone="yes"?>
<!--
      This is a Studio Managed File. DO NOT EDIT THIS FILE. Your changes may be reverted by Studio.
      Use project-user-spring.xml for adding new beans or overriding existing beans.
    -->
<beans xsi:schemaLocation="http://www.springframework.org/schema/beans http://www.springframework.org/schema/beans/spring-beans.xsd http://www.springframework.org/schema/mvc
http://www.springframework.org/schema/mvc/spring-mvc.xsd http://www.springframework.org/schema/context http://www.springframework.org/schema/context/spring-context.xsd
http://www.springframework.org/schema/tx http://www.springframework.org/schema/tx/spring-tx.xsd http://www.springframework.org/schema/security http://www.springframework.org/schema/security/spring-security.xsd"
xmlns="http://www.springframework.org/schema/beans" xmlns:security="http://www.springframework.org/schema/security" xmlns:xsi="http://www.w3.org/2001/XMLSchema-instance">
    <bean class="com.wavemaker.runtime.rest.model.RestServiceInfoBean" id="RBSwaggerServiceInfo">
            <property name="serviceName" value="RBSwagger"/>
            <property name="restRuntimeConfig" ref="appDefaultRestRuntimeConfig"/>
            <property name="entryList">
                <list>
                    <bean class="com.wavemaker.runtime.rest.model.RestServiceInfoBeanEntry">
                         <property name="url" value="/RBSwagger/dev/customer/ledgers/{ledger_id}/iban"/>
                         <property name="httpMethod" value="POST"/>
                    </bean>
                    <bean class="com.wavemaker.runtime.rest.model.RestServiceInfoBeanEntry">
                         <property name="url" value="/RBSwagger/dev/customer/transactions/receive"/>
                         <property name="httpMethod" value="POST"/>
                    </bean>
                    <bean class="com.wavemaker.runtime.rest.model.RestServiceInfoBeanEntry">
                         <property name="url" value="/RBSwagger/dev/customer/transactions/receive/fullsimulation"/>
                         <property name="httpMethod" value="POST"/>
                    </bean>
                    <bean class="com.wavemaker.runtime.rest.model.RestServiceInfoBeanEntry">
                         <property name="url" value="/RBSwagger/dev/customer/webhook/test"/>
                         <property name="httpMethod" value="POST"/>
                    </bean>
                    <bean class="com.wavemaker.runtime.rest.model.RestServiceInfoBeanEntry">
                         <property name="url" value="/RBSwagger/v1/customer/api-keys"/>
                         <property name="httpMethod" value="GET"/>
                    </bean>
                    <bean class="com.wavemaker.runtime.rest.model.RestServiceInfoBeanEntry">
                         <property name="url" value="/RBSwagger/v1/customer/api-keys"/>
                         <property name="httpMethod" value="POST"/>
                    </bean>
                    <bean class="com.wavemaker.runtime.rest.model.RestServiceInfoBeanEntry">
                         <property name="url" value="/RBSwagger/v1/customer/api-keys/{api_key_id}/disable"/>
                         <property name="httpMethod" value="POST"/>
                    </bean>
                    <bean class="com.wavemaker.runtime.rest.model.RestServiceInfoBeanEntry">
                         <property name="url" value="/RBSwagger/v1/customer/beneficiaries"/>
                         <property name="httpMethod" value="GET"/>
                    </bean>
                    <bean class="com.wavemaker.runtime.rest.model.RestServiceInfoBeanEntry">
                         <property name="url" value="/RBSwagger/v1/customer/beneficiaries"/>
                         <property name="httpMethod" value="POST"/>
                    </bean>
                    <bean class="com.wavemaker.runtime.rest.model.RestServiceInfoBeanEntry">
                         <property name="url" value="/RBSwagger/v1/customer/beneficiaries/{beneficiary_id}"/>
                         <property name="httpMethod" value="GET"/>
                    </bean>
                    <bean class="com.wavemaker.runtime.rest.model.RestServiceInfoBeanEntry">
                         <property name="url" value="/RBSwagger/v1/customer/beneficiaries/{beneficiary_id}"/>
                         <property name="httpMethod" value="PUT"/>
                    </bean>
                    <bean class="com.wavemaker.runtime.rest.model.RestServiceInfoBeanEntry">
                         <property name="url" value="/RBSwagger/v1/customer/beneficiaries/{beneficiary_id}/accounts"/>
                         <property name="httpMethod" value="GET"/>
                    </bean>
                    <bean class="com.wavemaker.runtime.rest.model.RestServiceInfoBeanEntry">
                         <property name="url" value="/RBSwagger/v1/customer/beneficiaries/{beneficiary_id}/accounts"/>
                         <property name="httpMethod" value="POST"/>
                    </bean>
                    <bean class="com.wavemaker.runtime.rest.model.RestServiceInfoBeanEntry">
                         <property name="url" value="/RBSwagger/v1/customer/beneficiaries/{beneficiary_id}/accounts/{account_id}"/>
                         <property name="httpMethod" value="GET"/>
                    </bean>
                    <bean class="com.wavemaker.runtime.rest.model.RestServiceInfoBeanEntry">
                         <property name="url" value="/RBSwagger/v1/customer/beneficiaries/{beneficiary_id}/accounts/{account_id}"/>
                         <property name="httpMethod" value="PUT"/>
                    </bean>
                    <bean class="com.wavemaker.runtime.rest.model.RestServiceInfoBeanEntry">
                         <property name="url" value="/RBSwagger/v1/customer/beneficiaries/{beneficiary_id}/accounts/{account_id}/make-default"/>
                         <property name="httpMethod" value="PUT"/>
                    </bean>
                    <bean class="com.wavemaker.runtime.rest.model.RestServiceInfoBeanEntry">
                         <property name="url" value="/RBSwagger/v1/customer/beneficiaries/{beneficiary_id}/compliance-firewall-calculation"/>
                         <property name="httpMethod" value="GET"/>
                    </bean>
                    <bean class="com.wavemaker.runtime.rest.model.RestServiceInfoBeanEntry">
                         <property name="url" value="/RBSwagger/v1/customer/beneficiaries/{beneficiary_id}/fw-calculation"/>
                         <property name="httpMethod" value="GET"/>
                    </bean>
                    <bean class="com.wavemaker.runtime.rest.model.RestServiceInfoBeanEntry">
                         <property name="url" value="/RBSwagger/v1/customer/beneficiaries/{beneficiary_id}/identity-verification-documents"/>
                         <property name="httpMethod" value="POST"/>
                    </bean>
                    <bean class="com.wavemaker.runtime.rest.model.RestServiceInfoBeanEntry">
                         <property name="url" value="/RBSwagger/v1/customer/beneficiaries/{beneficiary_id}/idv-checks"/>
                         <property name="httpMethod" value="GET"/>
                    </bean>
                    <bean class="com.wavemaker.runtime.rest.model.RestServiceInfoBeanEntry">
                         <property name="url" value="/RBSwagger/v1/customer/beneficiaries/{beneficiary_id}/idv-checks"/>
                         <property name="httpMethod" value="POST"/>
                    </bean>
                    <bean class="com.wavemaker.runtime.rest.model.RestServiceInfoBeanEntry">
                         <property name="url" value="/RBSwagger/v1/customer/beneficiaries/{beneficiary_id}/idv-docs"/>
                         <property name="httpMethod" value="GET"/>
                    </bean>
                    <bean class="com.wavemaker.runtime.rest.model.RestServiceInfoBeanEntry">
                         <property name="url" value="/RBSwagger/v1/customer/beneficiaries/{beneficiary_id}/idv-docs"/>
                         <property name="httpMethod" value="POST"/>
                    </bean>
                    <bean class="com.wavemaker.runtime.rest.model.RestServiceInfoBeanEntry">
                         <property name="url" value="/RBSwagger/v1/customer/beneficiaries/{beneficiary_id}/rerun-firewall"/>
                         <property name="httpMethod" value="POST"/>
                    </bean>
                    <bean class="com.wavemaker.runtime.rest.model.RestServiceInfoBeanEntry">
                         <property name="url" value="/RBSwagger/v1/customer/beneficiaries/{beneficiary_id}/wait"/>
                         <property name="httpMethod" value="GET"/>
                    </bean>
                    <bean class="com.wavemaker.runtime.rest.model.RestServiceInfoBeanEntry">
                         <property name="url" value="/RBSwagger/v1/customer/beneficiary-accounts/{account_id}"/>
                         <property name="httpMethod" value="GET"/>
                    </bean>
                    <bean class="com.wavemaker.runtime.rest.model.RestServiceInfoBeanEntry">
                         <property name="url" value="/RBSwagger/v1/customer/billing/export-csv"/>
                         <property name="httpMethod" value="GET"/>
                    </bean>
                    <bean class="com.wavemaker.runtime.rest.model.RestServiceInfoBeanEntry">
                         <property name="url" value="/RBSwagger/v1/customer/cards"/>
                         <property name="httpMethod" value="GET"/>
                    </bean>
                    <bean class="com.wavemaker.runtime.rest.model.RestServiceInfoBeanEntry">
                         <property name="url" value="/RBSwagger/v1/customer/cards"/>
                         <property name="httpMethod" value="POST"/>
                    </bean>
                    <bean class="com.wavemaker.runtime.rest.model.RestServiceInfoBeanEntry">
                         <property name="url" value="/RBSwagger/v1/customer/cards/by-token/{card_token}"/>
                         <property name="httpMethod" value="GET"/>
                    </bean>
                    <bean class="com.wavemaker.runtime.rest.model.RestServiceInfoBeanEntry">
                         <property name="url" value="/RBSwagger/v1/customer/cards/rules"/>
                         <property name="httpMethod" value="GET"/>
                    </bean>
                    <bean class="com.wavemaker.runtime.rest.model.RestServiceInfoBeanEntry">
                         <property name="url" value="/RBSwagger/v1/customer/cards/rules"/>
                         <property name="httpMethod" value="POST"/>
                    </bean>
                    <bean class="com.wavemaker.runtime.rest.model.RestServiceInfoBeanEntry">
                         <property name="url" value="/RBSwagger/v1/customer/cards/rules/{card_rule_id}"/>
                         <property name="httpMethod" value="GET"/>
                    </bean>
                    <bean class="com.wavemaker.runtime.rest.model.RestServiceInfoBeanEntry">
                         <property name="url" value="/RBSwagger/v1/customer/cards/rules/{card_rule_id}"/>
                         <property name="httpMethod" value="PUT"/>
                    </bean>
                    <bean class="com.wavemaker.runtime.rest.model.RestServiceInfoBeanEntry">
                         <property name="url" value="/RBSwagger/v1/customer/cards/rules/{card_rule_id}/disable"/>
                         <property name="httpMethod" value="POST"/>
                    </bean>
                    <bean class="com.wavemaker.runtime.rest.model.RestServiceInfoBeanEntry">
                         <property name="url" value="/RBSwagger/v1/customer/cards/{card_id}"/>
                         <property name="httpMethod" value="GET"/>
                    </bean>
                    <bean class="com.wavemaker.runtime.rest.model.RestServiceInfoBeanEntry">
                         <property name="url" value="/RBSwagger/v1/customer/cards/{card_id}"/>
                         <property name="httpMethod" value="PUT"/>
                    </bean>
                    <bean class="com.wavemaker.runtime.rest.model.RestServiceInfoBeanEntry">
                         <property name="url" value="/RBSwagger/v1/customer/cards/{card_id}/activate"/>
                         <property name="httpMethod" value="POST"/>
                    </bean>
                    <bean class="com.wavemaker.runtime.rest.model.RestServiceInfoBeanEntry">
                         <property name="url" value="/RBSwagger/v1/customer/cards/{card_id}/close"/>
                         <property name="httpMethod" value="POST"/>
                    </bean>
                    <bean class="com.wavemaker.runtime.rest.model.RestServiceInfoBeanEntry">
                         <property name="url" value="/RBSwagger/v1/customer/cards/{card_id}/disable"/>
                         <property name="httpMethod" value="POST"/>
                    </bean>
                    <bean class="com.wavemaker.runtime.rest.model.RestServiceInfoBeanEntry">
                         <property name="url" value="/RBSwagger/v1/customer/cards/{card_id}/image"/>
                         <property name="httpMethod" value="GET"/>
                    </bean>
                    <bean class="com.wavemaker.runtime.rest.model.RestServiceInfoBeanEntry">
                         <property name="url" value="/RBSwagger/v1/customer/cards/{card_id}/pin"/>
                         <property name="httpMethod" value="GET"/>
                    </bean>
                    <bean class="com.wavemaker.runtime.rest.model.RestServiceInfoBeanEntry">
                         <property name="url" value="/RBSwagger/v1/customer/cards/{card_id}/pin"/>
                         <property name="httpMethod" value="PUT"/>
                    </bean>
                    <bean class="com.wavemaker.runtime.rest.model.RestServiceInfoBeanEntry">
                         <property name="url" value="/RBSwagger/v1/customer/cards/{card_id}/pin/reset"/>
                         <property name="httpMethod" value="POST"/>
                    </bean>
                    <bean class="com.wavemaker.runtime.rest.model.RestServiceInfoBeanEntry">
                         <property name="url" value="/RBSwagger/v1/customer/cards/{card_id}/replace"/>
                         <property name="httpMethod" value="POST"/>
                    </bean>
                    <bean class="com.wavemaker.runtime.rest.model.RestServiceInfoBeanEntry">
                         <property name="url" value="/RBSwagger/v1/customer/cards/{card_id}/suspend"/>
                         <property name="httpMethod" value="POST"/>
                    </bean>
                    <bean class="com.wavemaker.runtime.rest.model.RestServiceInfoBeanEntry">
                         <property name="url" value="/RBSwagger/v1/customer/compliance-contact"/>
                         <property name="httpMethod" value="GET"/>
                    </bean>
                    <bean class="com.wavemaker.runtime.rest.model.RestServiceInfoBeanEntry">
                         <property name="url" value="/RBSwagger/v1/customer/compliance-contact"/>
                         <property name="httpMethod" value="POST"/>
                    </bean>
                    <bean class="com.wavemaker.runtime.rest.model.RestServiceInfoBeanEntry">
                         <property name="url" value="/RBSwagger/v1/customer/compliance-firewall-rules/{compliance_firewall_type}"/>
                         <property name="httpMethod" value="GET"/>
                    </bean>
                    <bean class="com.wavemaker.runtime.rest.model.RestServiceInfoBeanEntry">
                         <property name="url" value="/RBSwagger/v1/customer/compliance-firewall-rules/{compliance_firewall_type}"/>
                         <property name="httpMethod" value="POST"/>
                    </bean>
                    <bean class="com.wavemaker.runtime.rest.model.RestServiceInfoBeanEntry">
                         <property name="url" value="/RBSwagger/v1/customer/compliance-firewall-rules/{compliance_firewall_type}/history"/>
                         <property name="httpMethod" value="GET"/>
                    </bean>
                    <bean class="com.wavemaker.runtime.rest.model.RestServiceInfoBeanEntry">
                         <property name="url" value="/RBSwagger/v1/customer/compliance-firewall-rules/{compliance_firewall_type}/reload"/>
                         <property name="httpMethod" value="POST"/>
                    </bean>
                    <bean class="com.wavemaker.runtime.rest.model.RestServiceInfoBeanEntry">
                         <property name="url" value="/RBSwagger/v1/customer/compliance-firewall-rules/{compliance_firewall_type}/test"/>
                         <property name="httpMethod" value="POST"/>
                    </bean>
                    <bean class="com.wavemaker.runtime.rest.model.RestServiceInfoBeanEntry">
                         <property name="url" value="/RBSwagger/v1/customer/compliance-firewall-static-data"/>
                         <property name="httpMethod" value="POST"/>
                    </bean>
                    <bean class="com.wavemaker.runtime.rest.model.RestServiceInfoBeanEntry">
                         <property name="url" value="/RBSwagger/v1/customer/compliance-firewall-static-data/{dataset_id}"/>
                         <property name="httpMethod" value="GET"/>
                    </bean>
                    <bean class="com.wavemaker.runtime.rest.model.RestServiceInfoBeanEntry">
                         <property name="url" value="/RBSwagger/v1/customer/compliance-manual"/>
                         <property name="httpMethod" value="GET"/>
                    </bean>
                    <bean class="com.wavemaker.runtime.rest.model.RestServiceInfoBeanEntry">
                         <property name="url" value="/RBSwagger/v1/customer/debit/mandates"/>
                         <property name="httpMethod" value="GET"/>
                    </bean>
                    <bean class="com.wavemaker.runtime.rest.model.RestServiceInfoBeanEntry">
                         <property name="url" value="/RBSwagger/v1/customer/debit/mandates/{debit_mandate_id}"/>
                         <property name="httpMethod" value="GET"/>
                    </bean>
                    <bean class="com.wavemaker.runtime.rest.model.RestServiceInfoBeanEntry">
                         <property name="url" value="/RBSwagger/v1/customer/debit/mandates/{debit_mandate_id}/cancel"/>
                         <property name="httpMethod" value="PUT"/>
                    </bean>
                    <bean class="com.wavemaker.runtime.rest.model.RestServiceInfoBeanEntry">
                         <property name="url" value="/RBSwagger/v1/customer/debit/mandates/{mandate_id}"/>
                         <property name="httpMethod" value="GET"/>
                    </bean>
                    <bean class="com.wavemaker.runtime.rest.model.RestServiceInfoBeanEntry">
                         <property name="url" value="/RBSwagger/v1/customer/debit/mandates/{mandate_id}/cancel"/>
                         <property name="httpMethod" value="PUT"/>
                    </bean>
                    <bean class="com.wavemaker.runtime.rest.model.RestServiceInfoBeanEntry">
                         <property name="url" value="/RBSwagger/v1/customer/debit/payments"/>
                         <property name="httpMethod" value="GET"/>
                    </bean>
                    <bean class="com.wavemaker.runtime.rest.model.RestServiceInfoBeanEntry">
                         <property name="url" value="/RBSwagger/v1/customer/debit/payments/{debit_payment_id}"/>
                         <property name="httpMethod" value="GET"/>
                    </bean>
                    <bean class="com.wavemaker.runtime.rest.model.RestServiceInfoBeanEntry">
                         <property name="url" value="/RBSwagger/v1/customer/endusers"/>
                         <property name="httpMethod" value="GET"/>
                    </bean>
                    <bean class="com.wavemaker.runtime.rest.model.RestServiceInfoBeanEntry">
                         <property name="url" value="/RBSwagger/v1/customer/endusers"/>
                         <property name="httpMethod" value="POST"/>
                    </bean>
                    <bean class="com.wavemaker.runtime.rest.model.RestServiceInfoBeanEntry">
                         <property name="url" value="/RBSwagger/v1/customer/endusers/{enduser_id}"/>
                         <property name="httpMethod" value="GET"/>
                    </bean>
                    <bean class="com.wavemaker.runtime.rest.model.RestServiceInfoBeanEntry">
                         <property name="url" value="/RBSwagger/v1/customer/endusers/{enduser_id}"/>
                         <property name="httpMethod" value="PUT"/>
                    </bean>
                    <bean class="com.wavemaker.runtime.rest.model.RestServiceInfoBeanEntry">
                         <property name="url" value="/RBSwagger/v1/customer/endusers/{enduser_id}/compliance-firewall-calculation"/>
                         <property name="httpMethod" value="GET"/>
                    </bean>
                    <bean class="com.wavemaker.runtime.rest.model.RestServiceInfoBeanEntry">
                         <property name="url" value="/RBSwagger/v1/customer/endusers/{enduser_id}/credit-checks"/>
                         <property name="httpMethod" value="POST"/>
                    </bean>
                    <bean class="com.wavemaker.runtime.rest.model.RestServiceInfoBeanEntry">
                         <property name="url" value="/RBSwagger/v1/customer/endusers/{enduser_id}/credit-checks/{credit_details_id}"/>
                         <property name="httpMethod" value="GET"/>
                    </bean>
                    <bean class="com.wavemaker.runtime.rest.model.RestServiceInfoBeanEntry">
                         <property name="url" value="/RBSwagger/v1/customer/endusers/{enduser_id}/credit-checks/{credit_details_id}/accept"/>
                         <property name="httpMethod" value="POST"/>
                    </bean>
                    <bean class="com.wavemaker.runtime.rest.model.RestServiceInfoBeanEntry">
                         <property name="url" value="/RBSwagger/v1/customer/endusers/{enduser_id}/fw-calculation"/>
                         <property name="httpMethod" value="GET"/>
                    </bean>
                    <bean class="com.wavemaker.runtime.rest.model.RestServiceInfoBeanEntry">
                         <property name="url" value="/RBSwagger/v1/customer/endusers/{enduser_id}/identity-verification-documents"/>
                         <property name="httpMethod" value="POST"/>
                    </bean>
                    <bean class="com.wavemaker.runtime.rest.model.RestServiceInfoBeanEntry">
                         <property name="url" value="/RBSwagger/v1/customer/endusers/{enduser_id}/idv-checks"/>
                         <property name="httpMethod" value="GET"/>
                    </bean>
                    <bean class="com.wavemaker.runtime.rest.model.RestServiceInfoBeanEntry">
                         <property name="url" value="/RBSwagger/v1/customer/endusers/{enduser_id}/idv-checks"/>
                         <property name="httpMethod" value="POST"/>
                    </bean>
                    <bean class="com.wavemaker.runtime.rest.model.RestServiceInfoBeanEntry">
                         <property name="url" value="/RBSwagger/v1/customer/endusers/{enduser_id}/idv-docs"/>
                         <property name="httpMethod" value="GET"/>
                    </bean>
                    <bean class="com.wavemaker.runtime.rest.model.RestServiceInfoBeanEntry">
                         <property name="url" value="/RBSwagger/v1/customer/endusers/{enduser_id}/idv-docs"/>
                         <property name="httpMethod" value="POST"/>
                    </bean>
                    <bean class="com.wavemaker.runtime.rest.model.RestServiceInfoBeanEntry">
                         <property name="url" value="/RBSwagger/v1/customer/endusers/{enduser_id}/kyc-checks"/>
                         <property name="httpMethod" value="GET"/>
                    </bean>
                    <bean class="com.wavemaker.runtime.rest.model.RestServiceInfoBeanEntry">
                         <property name="url" value="/RBSwagger/v1/customer/endusers/{enduser_id}/kyc-checks"/>
                         <property name="httpMethod" value="POST"/>
                    </bean>
                    <bean class="com.wavemaker.runtime.rest.model.RestServiceInfoBeanEntry">
                         <property name="url" value="/RBSwagger/v1/customer/endusers/{enduser_id}/kyc-checks/{kyc_id}"/>
                         <property name="httpMethod" value="GET"/>
                    </bean>
                    <bean class="com.wavemaker.runtime.rest.model.RestServiceInfoBeanEntry">
                         <property name="url" value="/RBSwagger/v1/customer/endusers/{enduser_id}/kyc-initiate-check"/>
                         <property name="httpMethod" value="POST"/>
                    </bean>
                    <bean class="com.wavemaker.runtime.rest.model.RestServiceInfoBeanEntry">
                         <property name="url" value="/RBSwagger/v1/customer/endusers/{enduser_id}/rerun-firewall"/>
                         <property name="httpMethod" value="POST"/>
                    </bean>
                    <bean class="com.wavemaker.runtime.rest.model.RestServiceInfoBeanEntry">
                         <property name="url" value="/RBSwagger/v1/customer/endusers/{enduser_id}/wait"/>
                         <property name="httpMethod" value="GET"/>
                    </bean>
                    <bean class="com.wavemaker.runtime.rest.model.RestServiceInfoBeanEntry">
                         <property name="url" value="/RBSwagger/v1/customer/ledgers"/>
                         <property name="httpMethod" value="GET"/>
                    </bean>
                    <bean class="com.wavemaker.runtime.rest.model.RestServiceInfoBeanEntry">
                         <property name="url" value="/RBSwagger/v1/customer/ledgers"/>
                         <property name="httpMethod" value="POST"/>
                    </bean>
                    <bean class="com.wavemaker.runtime.rest.model.RestServiceInfoBeanEntry">
                         <property name="url" value="/RBSwagger/v1/customer/ledgers/by-iban"/>
                         <property name="httpMethod" value="GET"/>
                    </bean>
                    <bean class="com.wavemaker.runtime.rest.model.RestServiceInfoBeanEntry">
                         <property name="url" value="/RBSwagger/v1/customer/ledgers/by-uk-bank-account"/>
                         <property name="httpMethod" value="GET"/>
                    </bean>
                    <bean class="com.wavemaker.runtime.rest.model.RestServiceInfoBeanEntry">
                         <property name="url" value="/RBSwagger/v1/customer/ledgers/changed"/>
                         <property name="httpMethod" value="GET"/>
                    </bean>
                    <bean class="com.wavemaker.runtime.rest.model.RestServiceInfoBeanEntry">
                         <property name="url" value="/RBSwagger/v1/customer/ledgers/unassigned"/>
                         <property name="httpMethod" value="GET"/>
                    </bean>
                    <bean class="com.wavemaker.runtime.rest.model.RestServiceInfoBeanEntry">
                         <property name="url" value="/RBSwagger/v1/customer/ledgers/virtual"/>
                         <property name="httpMethod" value="POST"/>
                    </bean>
                    <bean class="com.wavemaker.runtime.rest.model.RestServiceInfoBeanEntry">
                         <property name="url" value="/RBSwagger/v1/customer/ledgers/{ledger_id}"/>
                         <property name="httpMethod" value="GET"/>
                    </bean>
                    <bean class="com.wavemaker.runtime.rest.model.RestServiceInfoBeanEntry">
                         <property name="url" value="/RBSwagger/v1/customer/ledgers/{ledger_id}"/>
                         <property name="httpMethod" value="PUT"/>
                    </bean>
                    <bean class="com.wavemaker.runtime.rest.model.RestServiceInfoBeanEntry">
                         <property name="url" value="/RBSwagger/v1/customer/ledgers/{ledger_id}/assign"/>
                         <property name="httpMethod" value="POST"/>
                    </bean>
                    <bean class="com.wavemaker.runtime.rest.model.RestServiceInfoBeanEntry">
                         <property name="url" value="/RBSwagger/v1/customer/ledgers/{ledger_id}/assign-iban"/>
                         <property name="httpMethod" value="POST"/>
                    </bean>
                    <bean class="com.wavemaker.runtime.rest.model.RestServiceInfoBeanEntry">
                         <property name="url" value="/RBSwagger/v1/customer/ledgers/{ledger_id}/close"/>
                         <property name="httpMethod" value="POST"/>
                    </bean>
                    <bean class="com.wavemaker.runtime.rest.model.RestServiceInfoBeanEntry">
                         <property name="url" value="/RBSwagger/v1/customer/ledgers/{ledger_id}/entries"/>
                         <property name="httpMethod" value="GET"/>
                    </bean>
                    <bean class="com.wavemaker.runtime.rest.model.RestServiceInfoBeanEntry">
                         <property name="url" value="/RBSwagger/v1/customer/ledgers/{ledger_id}/rerun-firewall"/>
                         <property name="httpMethod" value="POST"/>
                    </bean>
                    <bean class="com.wavemaker.runtime.rest.model.RestServiceInfoBeanEntry">
                         <property name="url" value="/RBSwagger/v1/customer/ledgers/{ledger_id}/wait"/>
                         <property name="httpMethod" value="GET"/>
                    </bean>
                    <bean class="com.wavemaker.runtime.rest.model.RestServiceInfoBeanEntry">
                         <property name="url" value="/RBSwagger/v1/customer/me"/>
                         <property name="httpMethod" value="GET"/>
                    </bean>
                    <bean class="com.wavemaker.runtime.rest.model.RestServiceInfoBeanEntry">
                         <property name="url" value="/RBSwagger/v1/customer/my/partners"/>
                         <property name="httpMethod" value="GET"/>
                    </bean>
                    <bean class="com.wavemaker.runtime.rest.model.RestServiceInfoBeanEntry">
                         <property name="url" value="/RBSwagger/v1/customer/my/products"/>
                         <property name="httpMethod" value="GET"/>
                    </bean>
                    <bean class="com.wavemaker.runtime.rest.model.RestServiceInfoBeanEntry">
                         <property name="url" value="/RBSwagger/v1/customer/my/products/Onfido-IDV-1"/>
                         <property name="httpMethod" value="PUT"/>
                    </bean>
                    <bean class="com.wavemaker.runtime.rest.model.RestServiceInfoBeanEntry">
                         <property name="url" value="/RBSwagger/v1/customer/my/products/{partner_product}"/>
                         <property name="httpMethod" value="PUT"/>
                    </bean>
                    <bean class="com.wavemaker.runtime.rest.model.RestServiceInfoBeanEntry">
                         <property name="url" value="/RBSwagger/v1/customer/my/products/{partner_product}/card-programmes"/>
                         <property name="httpMethod" value="GET"/>
                    </bean>
                    <bean class="com.wavemaker.runtime.rest.model.RestServiceInfoBeanEntry">
                         <property name="url" value="/RBSwagger/v1/customer/my/products/{partner_product}/card-programs"/>
                         <property name="httpMethod" value="GET"/>
                    </bean>
                    <bean class="com.wavemaker.runtime.rest.model.RestServiceInfoBeanEntry">
                         <property name="url" value="/RBSwagger/v1/customer/notifications"/>
                         <property name="httpMethod" value="GET"/>
                    </bean>
                    <bean class="com.wavemaker.runtime.rest.model.RestServiceInfoBeanEntry">
                         <property name="url" value="/RBSwagger/v1/customer/payment-tokens/by-token/{payment_token}"/>
                         <property name="httpMethod" value="GET"/>
                    </bean>
                    <bean class="com.wavemaker.runtime.rest.model.RestServiceInfoBeanEntry">
                         <property name="url" value="/RBSwagger/v1/customer/payment-tokens/{payment_token_id}"/>
                         <property name="httpMethod" value="GET"/>
                    </bean>
                    <bean class="com.wavemaker.runtime.rest.model.RestServiceInfoBeanEntry">
                         <property name="url" value="/RBSwagger/v1/customer/payment-tokens/{payment_token_id}/activate"/>
                         <property name="httpMethod" value="POST"/>
                    </bean>
                    <bean class="com.wavemaker.runtime.rest.model.RestServiceInfoBeanEntry">
                         <property name="url" value="/RBSwagger/v1/customer/payment-tokens/{payment_token_id}/activation-code"/>
                         <property name="httpMethod" value="GET"/>
                    </bean>
                    <bean class="com.wavemaker.runtime.rest.model.RestServiceInfoBeanEntry">
                         <property name="url" value="/RBSwagger/v1/customer/payment-tokens/{payment_token_id}/close"/>
                         <property name="httpMethod" value="POST"/>
                    </bean>
                    <bean class="com.wavemaker.runtime.rest.model.RestServiceInfoBeanEntry">
                         <property name="url" value="/RBSwagger/v1/customer/payment-tokens/{payment_token_id}/suspend"/>
                         <property name="httpMethod" value="POST"/>
                    </bean>
                    <bean class="com.wavemaker.runtime.rest.model.RestServiceInfoBeanEntry">
                         <property name="url" value="/RBSwagger/v1/customer/quarantine"/>
                         <property name="httpMethod" value="GET"/>
                    </bean>
                    <bean class="com.wavemaker.runtime.rest.model.RestServiceInfoBeanEntry">
                         <property name="url" value="/RBSwagger/v1/customer/quarantine/beneficiaries"/>
                         <property name="httpMethod" value="GET"/>
                    </bean>
                    <bean class="com.wavemaker.runtime.rest.model.RestServiceInfoBeanEntry">
                         <property name="url" value="/RBSwagger/v1/customer/quarantine/beneficiaries/{beneficiary_id}"/>
                         <property name="httpMethod" value="GET"/>
                    </bean>
                    <bean class="com.wavemaker.runtime.rest.model.RestServiceInfoBeanEntry">
                         <property name="url" value="/RBSwagger/v1/customer/quarantine/beneficiaries/{beneficiary_id}/comments"/>
                         <property name="httpMethod" value="POST"/>
                    </bean>
                    <bean class="com.wavemaker.runtime.rest.model.RestServiceInfoBeanEntry">
                         <property name="url" value="/RBSwagger/v1/customer/quarantine/beneficiaries/{beneficiary_id}/resolve"/>
                         <property name="httpMethod" value="POST"/>
                    </bean>
                    <bean class="com.wavemaker.runtime.rest.model.RestServiceInfoBeanEntry">
                         <property name="url" value="/RBSwagger/v1/customer/quarantine/endusers"/>
                         <property name="httpMethod" value="GET"/>
                    </bean>
                    <bean class="com.wavemaker.runtime.rest.model.RestServiceInfoBeanEntry">
                         <property name="url" value="/RBSwagger/v1/customer/quarantine/endusers/{enduser_id}"/>
                         <property name="httpMethod" value="GET"/>
                    </bean>
                    <bean class="com.wavemaker.runtime.rest.model.RestServiceInfoBeanEntry">
                         <property name="url" value="/RBSwagger/v1/customer/quarantine/endusers/{enduser_id}/comments"/>
                         <property name="httpMethod" value="POST"/>
                    </bean>
                    <bean class="com.wavemaker.runtime.rest.model.RestServiceInfoBeanEntry">
                         <property name="url" value="/RBSwagger/v1/customer/quarantine/endusers/{enduser_id}/resolve"/>
                         <property name="httpMethod" value="POST"/>
                    </bean>
                    <bean class="com.wavemaker.runtime.rest.model.RestServiceInfoBeanEntry">
                         <property name="url" value="/RBSwagger/v1/customer/quarantine/transactions"/>
                         <property name="httpMethod" value="GET"/>
                    </bean>
                    <bean class="com.wavemaker.runtime.rest.model.RestServiceInfoBeanEntry">
                         <property name="url" value="/RBSwagger/v1/customer/quarantine/transactions/{transaction_id}"/>
                         <property name="httpMethod" value="GET"/>
                    </bean>
                    <bean class="com.wavemaker.runtime.rest.model.RestServiceInfoBeanEntry">
                         <property name="url" value="/RBSwagger/v1/customer/quarantine/transactions/{transaction_id}/comments"/>
                         <property name="httpMethod" value="POST"/>
                    </bean>
                    <bean class="com.wavemaker.runtime.rest.model.RestServiceInfoBeanEntry">
                         <property name="url" value="/RBSwagger/v1/customer/quarantine/transactions/{transaction_id}/resolve"/>
                         <property name="httpMethod" value="POST"/>
                    </bean>
                    <bean class="com.wavemaker.runtime.rest.model.RestServiceInfoBeanEntry">
                         <property name="url" value="/RBSwagger/v1/customer/transactions"/>
                         <property name="httpMethod" value="GET"/>
                    </bean>
                    <bean class="com.wavemaker.runtime.rest.model.RestServiceInfoBeanEntry">
                         <property name="url" value="/RBSwagger/v1/customer/transactions"/>
                         <property name="httpMethod" value="POST"/>
                    </bean>
                    <bean class="com.wavemaker.runtime.rest.model.RestServiceInfoBeanEntry">
                         <property name="url" value="/RBSwagger/v1/customer/transactions/bulk"/>
                         <property name="httpMethod" value="POST"/>
                    </bean>
                    <bean class="com.wavemaker.runtime.rest.model.RestServiceInfoBeanEntry">
                         <property name="url" value="/RBSwagger/v1/customer/transactions/fx"/>
                         <property name="httpMethod" value="POST"/>
                    </bean>
                    <bean class="com.wavemaker.runtime.rest.model.RestServiceInfoBeanEntry">
                         <property name="url" value="/RBSwagger/v1/customer/transactions/fx/quote"/>
                         <property name="httpMethod" value="PUT"/>
                    </bean>
                    <bean class="com.wavemaker.runtime.rest.model.RestServiceInfoBeanEntry">
                         <property name="url" value="/RBSwagger/v1/customer/transactions/inter-ledger"/>
                         <property name="httpMethod" value="POST"/>
                    </bean>
                    <bean class="com.wavemaker.runtime.rest.model.RestServiceInfoBeanEntry">
                         <property name="url" value="/RBSwagger/v1/customer/transactions/inter-ledger/bulk"/>
                         <property name="httpMethod" value="POST"/>
                    </bean>
                    <bean class="com.wavemaker.runtime.rest.model.RestServiceInfoBeanEntry">
                         <property name="url" value="/RBSwagger/v1/customer/transactions/inter-ledger/try"/>
                         <property name="httpMethod" value="POST"/>
                    </bean>
                    <bean class="com.wavemaker.runtime.rest.model.RestServiceInfoBeanEntry">
                         <property name="url" value="/RBSwagger/v1/customer/transactions/manual-credit"/>
                         <property name="httpMethod" value="POST"/>
                    </bean>
                    <bean class="com.wavemaker.runtime.rest.model.RestServiceInfoBeanEntry">
                         <property name="url" value="/RBSwagger/v1/customer/transactions/manual-debit"/>
                         <property name="httpMethod" value="POST"/>
                    </bean>
                    <bean class="com.wavemaker.runtime.rest.model.RestServiceInfoBeanEntry">
                         <property name="url" value="/RBSwagger/v1/customer/transactions/try"/>
                         <property name="httpMethod" value="POST"/>
                    </bean>
                    <bean class="com.wavemaker.runtime.rest.model.RestServiceInfoBeanEntry">
                         <property name="url" value="/RBSwagger/v1/customer/transactions/{transaction_id}"/>
                         <property name="httpMethod" value="GET"/>
                    </bean>
                    <bean class="com.wavemaker.runtime.rest.model.RestServiceInfoBeanEntry">
                         <property name="url" value="/RBSwagger/v1/customer/transactions/{transaction_id}"/>
                         <property name="httpMethod" value="PUT"/>
                    </bean>
                    <bean class="com.wavemaker.runtime.rest.model.RestServiceInfoBeanEntry">
                         <property name="url" value="/RBSwagger/v1/customer/transactions/{transaction_id}/compliance-firewall-calculation"/>
                         <property name="httpMethod" value="GET"/>
                    </bean>
                    <bean class="com.wavemaker.runtime.rest.model.RestServiceInfoBeanEntry">
                         <property name="url" value="/RBSwagger/v1/customer/transactions/{transaction_id}/fw-calculation"/>
                         <property name="httpMethod" value="GET"/>
                    </bean>
                    <bean class="com.wavemaker.runtime.rest.model.RestServiceInfoBeanEntry">
                         <property name="url" value="/RBSwagger/v1/customer/transactions/{transaction_id}/invoices"/>
                         <property name="httpMethod" value="POST"/>
                    </bean>
                    <bean class="com.wavemaker.runtime.rest.model.RestServiceInfoBeanEntry">
                         <property name="url" value="/RBSwagger/v1/customer/transactions/{transaction_id}/rerun-firewall"/>
                         <property name="httpMethod" value="POST"/>
                    </bean>
                    <bean class="com.wavemaker.runtime.rest.model.RestServiceInfoBeanEntry">
                         <property name="url" value="/RBSwagger/v1/customer/version"/>
                         <property name="httpMethod" value="GET"/>
                    </bean>
                    <bean class="com.wavemaker.runtime.rest.model.RestServiceInfoBeanEntry">
                         <property name="url" value="/RBSwagger/v1/customer/webhook"/>
                         <property name="httpMethod" value="GET"/>
                    </bean>
                    <bean class="com.wavemaker.runtime.rest.model.RestServiceInfoBeanEntry">
                         <property name="url" value="/RBSwagger/v1/customer/webhook"/>
                         <property name="httpMethod" value="POST"/>
                    </bean>
                    <bean class="com.wavemaker.runtime.rest.model.RestServiceInfoBeanEntry">
                         <property name="url" value="/RBSwagger/v1/customer/webhook"/>
                         <property name="httpMethod" value="DELETE"/>
                    </bean>
                    <bean class="com.wavemaker.runtime.rest.model.RestServiceInfoBeanEntry">
                         <property name="url" value="/RBSwagger/v1/customer/webhook/failed-to-deliver"/>
                         <property name="httpMethod" value="GET"/>
                    </bean>
                    <bean class="com.wavemaker.runtime.rest.model.RestServiceInfoBeanEntry">
                         <property name="url" value="/RBSwagger/v1/customer/webhook/update-secret"/>
                         <property name="httpMethod" value="POST"/>
                    </bean>
                    <bean class="com.wavemaker.runtime.rest.model.RestServiceInfoBeanEntry">
                         <property name="url" value="/RBSwagger/v1/health"/>
                         <property name="httpMethod" value="GET"/>
                    </bean>
                </list>
            </property>
    </bean>
    <bean class="com.wavemaker.runtime.rest.RestBeanFactoryPostProcessor" id="RBSwaggerPostProcessor">
            <property name="serviceId" value="RBSwagger"/>
            <property name="apiClasses">
                <list>
                    <value>com.transfer_funds.RBSwagger.service.CustomerService</value>
                    <value>com.transfer_funds.RBSwagger.service.DevtoolsCustomerService</value>
                </list>
            </property>
    </bean>
</beans>
