[ {
  "name" : "BindingChanges",
  "type" : "PAGE",
  "params" : [ ]
}, {
  "name" : "Common",
  "type" : "PARTIAL",
  "params" : [ ]
}, {
  "name" : "Dashboard",
  "type" : "PAGE",
  "params" : [ {
    "name" : "role",
    "type" : "string"
  } ]
}, {
  "name" : "ExistingCustomers",
  "type" : "PAGE",
  "params" : [ {
    "name" : "role",
    "type" : "string"
  } ]
}, {
  "name" : "LocalizationChanges",
  "type" : "PAGE",
  "params" : [ ]
}, {
  "name" : "Login",
  "type" : "PAGE",
  "params" : [ ]
}, {
  "name" : "Main",
  "type" : "PAGE",
  "params" : [ ]
}, {
  "name" : "ManagerSalesPipeline",
  "type" : "PAGE",
  "params" : [ {
    "name" : "role",
    "type" : "string"
  } ]
}, {
  "name" : "MyProfile",
  "type" : "PAGE",
  "params" : [ {
    "name" : "role",
    "type" : "string"
  } ]
}, {
  "name" : "MyTeam",
  "type" : "PAGE",
  "params" : [ {
    "name" : "role",
    "type" : "string"
  } ]
}, {
  "name" : "PartialPage",
  "type" : "PAGE",
  "params" : [ ]
}, {
  "name" : "SalesPipeline",
  "type" : "PAGE",
  "params" : [ {
    "name" : "role",
    "type" : "string"
  } ]
}, {
  "name" : "ValidationChanges",
  "type" : "PAGE",
  "params" : [ ]
}, {
  "name" : "footer",
  "type" : "FOOTER",
  "params" : [ ]
}, {
  "name" : "header",
  "type" : "HEADER",
  "params" : [ ]
}, {
  "name" : "leftnav",
  "type" : "LEFTNAV",
  "params" : [ ]
}, {
  "name" : "partial1",
  "type" : "PARTIAL",
  "params" : [ ]
}, {
  "name" : "rightnav",
  "type" : "RIGHTNAV",
  "params" : [ ]
}, {
  "name" : "testPage",
  "type" : "PAGE",
  "params" : [ ]
}, {
  "name" : "topnav",
  "type" : "TOPNAV",
  "params" : [ ]
} ]