{
  "swagger" : "2.0",
  "info" : {
    "description" : "Swagger API documentation for testJavaService",
    "version" : "2.0",
    "title" : "testJavaServiceService Swagger Documentation",
    "x-WM-SERVICE_ID" : "testJavaService",
    "x-WM-SERVICE_TYPE" : "JavaService"
  },
  "basePath" : "/",
  "tags" : [ {
    "name" : "TestJavaController",
    "description" : "controller class for java service execution",
    "x-WM-FULLY_QUALIFIED_NAME" : "com.salesvision.testjavaservice.controller.TestJavaController",
    "x-WM-VERSION" : "",
    "x-WM-CONTROLLER_NAME" : "TestJava"
  } ],
  "schemes" : [ "https", "http" ],
  "paths" : {
    "/testJava/sampleJavaOperation" : {
      "get" : {
        "tags" : [ "TestJavaController" ],
        "operationId" : "TestJavaController_sampleJavaOperation",
        "parameters" : [ {
          "name" : "name",
          "in" : "query",
          "required" : false,
          "type" : "string",
          "x-WM-EDITABLE" : true,
          "x-WM-UUID" : "90b10cee-1ba8-47fc-bc87-ab517b6a2dde",
          "x-WM-FULLY_QUALIFIED_TYPE" : "java.lang.String",
          "x-WM-ORIGINAL-NAME" : "name"
        } ],
        "responses" : {
          "200" : {
            "description" : "Success",
            "schema" : {
              "type" : "string"
            }
          }
        },
        "x-WM-METHOD_NAME" : "sampleJavaOperation",
        "x-WM-ACCESS_SPECIFIER" : "APP_ONLY"
      },
      "x-WM-BASE_PATH" : "/testJava",
      "x-WM-TAG" : "TestJavaController",
      "x-WM-RELATIVE_PATH" : "/sampleJavaOperation",
      "x-WM-COMPLETE_PATH" : "/testJava/sampleJavaOperation"
    },
    "/testJava/test" : {
      "get" : {
        "tags" : [ "TestJavaController" ],
        "operationId" : "TestJavaController_test",
        "parameters" : [ {
          "name" : "name",
          "in" : "query",
          "required" : false,
          "type" : "string",
          "x-WM-EDITABLE" : true,
          "x-WM-UUID" : "ee88dc9d-7416-468f-98b8-9cc392509d9f",
          "x-WM-FULLY_QUALIFIED_TYPE" : "java.lang.String",
          "x-WM-ORIGINAL-NAME" : "name"
        } ],
        "responses" : {
          "200" : {
            "description" : "Success",
            "schema" : {
              "type" : "string"
            }
          }
        },
        "x-WM-METHOD_NAME" : "test",
        "x-WM-ACCESS_SPECIFIER" : "APP_ONLY"
      },
      "x-WM-BASE_PATH" : "/testJava",
      "x-WM-TAG" : "TestJavaController",
      "x-WM-RELATIVE_PATH" : "/test",
      "x-WM-COMPLETE_PATH" : "/testJava/test"
    }
  },
  "definitions" : { }
}