{
  "GetReps" : {
    "_id" : "wm-GetReps-wm.LiveVariable-1581054190584",
    "name" : "GetReps",
    "owner" : "Page",
    "category" : "wm.LiveVariable",
    "dataBinding" : [ ],
    "operation" : "read",
    "dataSet" : [ ],
    "type" : "Reps",
    "isList" : false,
    "saveInPhonegap" : false,
    "maxResults" : 5,
    "designMaxResults" : 10,
    "inFlightBehavior" : "executeLast",
    "startUpdate" : false,
    "autoUpdate" : true,
    "transformationRequired" : false,
    "liveSource" : "SalesVision",
    "ignoreCase" : true,
    "matchMode" : "startignorecase",
    "orderBy" : "id asc",
    "propertiesMap" : {
      "columns" : [ {
        "fieldName" : "repsByReportingHead",
        "type" : "integer",
        "fullyQualifiedType" : "integer",
        "columnName" : "REPORTING_HEAD",
        "isPrimaryKey" : false,
        "notNull" : false,
        "length" : 0,
        "precision" : 10,
        "generator" : "assigned",
        "isRelated" : true,
        "relatedTableName" : "REPS",
        "relatedEntityName" : "Reps",
        "relatedColumnName" : "reportingHead",
        "relatedFieldName" : "repsByReportingHead.id",
        "isList" : false,
        "targetTable" : "REPS",
        "scale" : 0,
        "columns" : [ {
          "fieldName" : "repsByReportingHead",
          "type" : "integer",
          "fullyQualifiedType" : "integer",
          "columnName" : "REPORTING_HEAD",
          "isPrimaryKey" : false,
          "notNull" : false,
          "length" : 0,
          "precision" : 10,
          "generator" : "assigned",
          "isRelated" : true,
          "relatedTableName" : "REPS",
          "relatedEntityName" : "Reps",
          "relatedColumnName" : "reportingHead",
          "targetTable" : "REPS",
          "scale" : 0
        }, {
          "fieldName" : "states",
          "type" : "integer",
          "fullyQualifiedType" : "integer",
          "columnName" : "STATE_ID_REF",
          "isPrimaryKey" : false,
          "notNull" : false,
          "length" : 0,
          "precision" : 10,
          "generator" : "assigned",
          "isRelated" : true,
          "relatedTableName" : "STATES",
          "relatedEntityName" : "States",
          "relatedColumnName" : "stateIdRef",
          "targetTable" : "STATES",
          "scale" : 0
        }, {
          "fieldName" : "channels",
          "type" : "integer",
          "fullyQualifiedType" : "integer",
          "columnName" : "CHANNEL_TYPE",
          "isPrimaryKey" : false,
          "notNull" : false,
          "length" : 0,
          "precision" : 10,
          "generator" : "assigned",
          "isRelated" : true,
          "relatedTableName" : "CHANNELS",
          "relatedEntityName" : "Channels",
          "relatedColumnName" : "channelType",
          "targetTable" : "CHANNELS",
          "scale" : 0
        }, {
          "fieldName" : "id",
          "type" : "integer",
          "fullyQualifiedType" : "integer",
          "columnName" : "ID",
          "isPrimaryKey" : true,
          "notNull" : true,
          "length" : 0,
          "precision" : 10,
          "generator" : "identity",
          "isRelated" : false,
          "scale" : 0
        }, {
          "fieldName" : "name",
          "type" : "string",
          "fullyQualifiedType" : "string",
          "columnName" : "NAME",
          "isPrimaryKey" : false,
          "notNull" : true,
          "length" : 32,
          "precision" : 0,
          "generator" : "assigned",
          "isRelated" : false,
          "scale" : 0
        }, {
          "fieldName" : "street",
          "type" : "string",
          "fullyQualifiedType" : "string",
          "columnName" : "STREET",
          "isPrimaryKey" : false,
          "notNull" : false,
          "length" : 64,
          "precision" : 0,
          "generator" : "assigned",
          "isRelated" : false,
          "scale" : 0
        }, {
          "fieldName" : "city",
          "type" : "string",
          "fullyQualifiedType" : "string",
          "columnName" : "CITY",
          "isPrimaryKey" : false,
          "notNull" : false,
          "length" : 32,
          "precision" : 0,
          "generator" : "assigned",
          "isRelated" : false,
          "scale" : 0
        }, {
          "fieldName" : "state",
          "type" : "string",
          "fullyQualifiedType" : "string",
          "columnName" : "STATE",
          "isPrimaryKey" : false,
          "notNull" : false,
          "length" : 2,
          "precision" : 0,
          "generator" : "assigned",
          "isRelated" : false,
          "scale" : 0
        }, {
          "fieldName" : "zip",
          "type" : "string",
          "fullyQualifiedType" : "string",
          "columnName" : "ZIP",
          "isPrimaryKey" : false,
          "notNull" : false,
          "length" : 6,
          "precision" : 0,
          "generator" : "assigned",
          "isRelated" : false,
          "scale" : 0
        }, {
          "fieldName" : "picurl",
          "type" : "string",
          "fullyQualifiedType" : "string",
          "columnName" : "PICURL",
          "isPrimaryKey" : false,
          "notNull" : false,
          "length" : 1024,
          "precision" : 0,
          "generator" : "assigned",
          "isRelated" : false,
          "scale" : 0
        }, {
          "fieldName" : "password",
          "type" : "string",
          "fullyQualifiedType" : "string",
          "columnName" : "PASSWORD",
          "isPrimaryKey" : false,
          "notNull" : false,
          "length" : 32,
          "precision" : 0,
          "generator" : "assigned",
          "isRelated" : false,
          "scale" : 0
        }, {
          "fieldName" : "role",
          "type" : "string",
          "fullyQualifiedType" : "string",
          "columnName" : "ROLE",
          "isPrimaryKey" : false,
          "notNull" : false,
          "length" : 32,
          "precision" : 0,
          "generator" : "assigned",
          "isRelated" : false,
          "scale" : 0
        }, {
          "fieldName" : "username",
          "type" : "string",
          "fullyQualifiedType" : "string",
          "columnName" : "USERNAME",
          "isPrimaryKey" : false,
          "notNull" : false,
          "length" : 32,
          "precision" : 0,
          "generator" : "assigned",
          "isRelated" : false,
          "scale" : 0
        }, {
          "fieldName" : "email",
          "type" : "string",
          "fullyQualifiedType" : "string",
          "columnName" : "EMAIL",
          "isPrimaryKey" : false,
          "notNull" : false,
          "length" : 255,
          "precision" : 0,
          "generator" : "assigned",
          "isRelated" : false,
          "defaultValue" : "",
          "scale" : 0
        }, {
          "fieldName" : "phone",
          "type" : "string",
          "fullyQualifiedType" : "string",
          "columnName" : "PHONE",
          "isPrimaryKey" : false,
          "notNull" : false,
          "length" : 255,
          "precision" : 0,
          "generator" : "assigned",
          "isRelated" : false,
          "defaultValue" : "",
          "scale" : 0
        }, {
          "fieldName" : "officeAddress",
          "type" : "string",
          "fullyQualifiedType" : "string",
          "columnName" : "OFFICE_ADDRESS",
          "isPrimaryKey" : false,
          "notNull" : false,
          "length" : 555,
          "precision" : 0,
          "generator" : "assigned",
          "isRelated" : false,
          "defaultValue" : "",
          "scale" : 0
        } ]
      }, {
        "fieldName" : "states",
        "type" : "integer",
        "fullyQualifiedType" : "integer",
        "columnName" : "STATE_ID_REF",
        "isPrimaryKey" : false,
        "notNull" : false,
        "length" : 0,
        "precision" : 10,
        "generator" : "assigned",
        "isRelated" : true,
        "relatedTableName" : "STATES",
        "relatedEntityName" : "States",
        "relatedColumnName" : "stateIdRef",
        "relatedFieldName" : "states.id",
        "isList" : false,
        "targetTable" : "STATES",
        "scale" : 0,
        "columns" : [ {
          "fieldName" : "id",
          "type" : "integer",
          "fullyQualifiedType" : "integer",
          "columnName" : "ID",
          "isPrimaryKey" : true,
          "notNull" : true,
          "length" : 0,
          "precision" : 10,
          "generator" : "identity",
          "isRelated" : false,
          "scale" : 0
        }, {
          "fieldName" : "name",
          "type" : "string",
          "fullyQualifiedType" : "string",
          "columnName" : "NAME",
          "isPrimaryKey" : false,
          "notNull" : true,
          "length" : 40,
          "precision" : 0,
          "generator" : "assigned",
          "isRelated" : false,
          "scale" : 0
        }, {
          "fieldName" : "abbrev",
          "type" : "string",
          "fullyQualifiedType" : "string",
          "columnName" : "ABBREV",
          "isPrimaryKey" : false,
          "notNull" : true,
          "length" : 2,
          "precision" : 0,
          "generator" : "assigned",
          "isRelated" : false,
          "scale" : 0
        } ]
      }, {
        "fieldName" : "channels",
        "type" : "integer",
        "fullyQualifiedType" : "integer",
        "columnName" : "CHANNEL_TYPE",
        "isPrimaryKey" : false,
        "notNull" : false,
        "length" : 0,
        "precision" : 10,
        "generator" : "assigned",
        "isRelated" : true,
        "relatedTableName" : "CHANNELS",
        "relatedEntityName" : "Channels",
        "relatedColumnName" : "channelType",
        "relatedFieldName" : "channels.id",
        "isList" : false,
        "targetTable" : "CHANNELS",
        "scale" : 0,
        "columns" : [ {
          "fieldName" : "id",
          "type" : "integer",
          "fullyQualifiedType" : "integer",
          "columnName" : "ID",
          "isPrimaryKey" : true,
          "notNull" : true,
          "length" : 0,
          "precision" : 10,
          "generator" : "identity",
          "isRelated" : false,
          "scale" : 0
        }, {
          "fieldName" : "name",
          "type" : "string",
          "fullyQualifiedType" : "string",
          "columnName" : "NAME",
          "isPrimaryKey" : false,
          "notNull" : true,
          "length" : 255,
          "precision" : 0,
          "generator" : "assigned",
          "isRelated" : false,
          "scale" : 0
        } ]
      }, {
        "fieldName" : "id",
        "type" : "integer",
        "fullyQualifiedType" : "integer",
        "columnName" : "ID",
        "isPrimaryKey" : true,
        "notNull" : true,
        "length" : 0,
        "precision" : 10,
        "generator" : "identity",
        "isRelated" : false,
        "scale" : 0
      }, {
        "fieldName" : "name",
        "type" : "string",
        "fullyQualifiedType" : "string",
        "columnName" : "NAME",
        "isPrimaryKey" : false,
        "notNull" : true,
        "length" : 32,
        "precision" : 0,
        "generator" : "assigned",
        "isRelated" : false,
        "scale" : 0
      }, {
        "fieldName" : "street",
        "type" : "string",
        "fullyQualifiedType" : "string",
        "columnName" : "STREET",
        "isPrimaryKey" : false,
        "notNull" : false,
        "length" : 64,
        "precision" : 0,
        "generator" : "assigned",
        "isRelated" : false,
        "scale" : 0
      }, {
        "fieldName" : "city",
        "type" : "string",
        "fullyQualifiedType" : "string",
        "columnName" : "CITY",
        "isPrimaryKey" : false,
        "notNull" : false,
        "length" : 32,
        "precision" : 0,
        "generator" : "assigned",
        "isRelated" : false,
        "scale" : 0
      }, {
        "fieldName" : "state",
        "type" : "string",
        "fullyQualifiedType" : "string",
        "columnName" : "STATE",
        "isPrimaryKey" : false,
        "notNull" : false,
        "length" : 2,
        "precision" : 0,
        "generator" : "assigned",
        "isRelated" : false,
        "scale" : 0
      }, {
        "fieldName" : "zip",
        "type" : "string",
        "fullyQualifiedType" : "string",
        "columnName" : "ZIP",
        "isPrimaryKey" : false,
        "notNull" : false,
        "length" : 6,
        "precision" : 0,
        "generator" : "assigned",
        "isRelated" : false,
        "scale" : 0
      }, {
        "fieldName" : "picurl",
        "type" : "string",
        "fullyQualifiedType" : "string",
        "columnName" : "PICURL",
        "isPrimaryKey" : false,
        "notNull" : false,
        "length" : 1024,
        "precision" : 0,
        "generator" : "assigned",
        "isRelated" : false,
        "scale" : 0
      }, {
        "fieldName" : "password",
        "type" : "string",
        "fullyQualifiedType" : "string",
        "columnName" : "PASSWORD",
        "isPrimaryKey" : false,
        "notNull" : false,
        "length" : 32,
        "precision" : 0,
        "generator" : "assigned",
        "isRelated" : false,
        "scale" : 0
      }, {
        "fieldName" : "role",
        "type" : "string",
        "fullyQualifiedType" : "string",
        "columnName" : "ROLE",
        "isPrimaryKey" : false,
        "notNull" : false,
        "length" : 32,
        "precision" : 0,
        "generator" : "assigned",
        "isRelated" : false,
        "scale" : 0
      }, {
        "fieldName" : "username",
        "type" : "string",
        "fullyQualifiedType" : "string",
        "columnName" : "USERNAME",
        "isPrimaryKey" : false,
        "notNull" : false,
        "length" : 32,
        "precision" : 0,
        "generator" : "assigned",
        "isRelated" : false,
        "scale" : 0
      }, {
        "fieldName" : "email",
        "type" : "string",
        "fullyQualifiedType" : "string",
        "columnName" : "EMAIL",
        "isPrimaryKey" : false,
        "notNull" : false,
        "length" : 255,
        "precision" : 0,
        "generator" : "assigned",
        "isRelated" : false,
        "defaultValue" : "",
        "scale" : 0
      }, {
        "fieldName" : "phone",
        "type" : "string",
        "fullyQualifiedType" : "string",
        "columnName" : "PHONE",
        "isPrimaryKey" : false,
        "notNull" : false,
        "length" : 255,
        "precision" : 0,
        "generator" : "assigned",
        "isRelated" : false,
        "defaultValue" : "",
        "scale" : 0
      }, {
        "fieldName" : "officeAddress",
        "type" : "string",
        "fullyQualifiedType" : "string",
        "columnName" : "OFFICE_ADDRESS",
        "isPrimaryKey" : false,
        "notNull" : false,
        "length" : 555,
        "precision" : 0,
        "generator" : "assigned",
        "isRelated" : false,
        "defaultValue" : "",
        "scale" : 0
      } ],
      "entityName" : "Reps",
      "fullyQualifiedName" : "com.salesvision.salesvision.Reps",
      "tableType" : "TABLE",
      "primaryFields" : [ "id" ]
    },
    "bindCount" : -1,
    "tableName" : "REPS",
    "tableType" : "TABLE",
    "properties" : [ "repsByReportingHead", "states", "channels" ],
    "relatedTables" : [ {
      "columnName" : "repsByReportingHead",
      "relationName" : "repsByReportingHead",
      "type" : "Reps",
      "watchOn" : "SalesVisionRepsData",
      "package" : "com.salesvision.salesvision.Reps"
    }, {
      "columnName" : "states",
      "relationName" : "states",
      "type" : "States",
      "watchOn" : "SalesVisionStatesData",
      "package" : "com.salesvision.salesvision.Reps"
    }, {
      "columnName" : "channels",
      "relationName" : "channels",
      "type" : "Channels",
      "watchOn" : "SalesVisionChannelsData",
      "package" : "com.salesvision.salesvision.Reps"
    } ],
    "filterFields" : { },
    "filterExpressions" : {
      "condition" : "AND",
      "rules" : [ {
        "target" : "reportingHead",
        "type" : "integer",
        "matchMode" : "exact",
        "value" : "bind:Variables.loggedInUserNo.dataSet.id | stringToNumber",
        "required" : false,
        "secondvalue" : "",
        "isFirst" : true
      }, {
        "target" : "name",
        "type" : "string",
        "matchMode" : "anywhereignorecase",
        "value" : "bind:Widgets.search_employee.query",
        "required" : false,
        "secondvalue" : "",
        "isFirst" : true
      } ]
    },
    "package" : "com.salesvision.salesvision.Reps"
  },
  "GetRepsCount" : {
    "_id" : "wm-GetRepsCount-wm.ServiceVariable-1581669521164",
    "name" : "GetRepsCount",
    "owner" : "Page",
    "category" : "wm.ServiceVariable",
    "dataBinding" : [ {
      "target" : "head",
      "value" : "bind:Variables.loggedInUserNo.dataSet.id",
      "type" : "string"
    } ],
    "type" : "com.salesvision.salesvision.models.query.GetRepsCountResponse",
    "service" : "SalesVision",
    "operation" : "executeGetRepsCount",
    "operationId" : "QueryExecutionController_executeGetRepsCount",
    "operationType" : "get",
    "serviceType" : "DataService",
    "dataSet" : [ ],
    "isList" : true,
    "maxResults" : 20,
    "startUpdate" : true,
    "autoUpdate" : false,
    "inFlightBehavior" : "executeLast",
    "transformationRequired" : false,
    "saveInPhonegap" : false,
    "controller" : "QueryExecution"
  },
  "lvBadges" : {
    "_id" : "wm-lvBadges-wm.ServiceVariable-1581510514569",
    "name" : "lvBadges",
    "owner" : "Page",
    "category" : "wm.ServiceVariable",
    "dataBinding" : [ ],
    "type" : "integer",
    "service" : "SalesVision",
    "operation" : "countBadges",
    "operationId" : "BadgesController_countBadges",
    "operationType" : "post",
    "serviceType" : "DataService",
    "dataSet" : [ ],
    "isList" : false,
    "maxResults" : 20,
    "startUpdate" : true,
    "autoUpdate" : false,
    "inFlightBehavior" : "executeLast",
    "transformationRequired" : false,
    "saveInPhonegap" : false,
    "controller" : "Badges"
  },
  "lvRepsData" : {
    "_id" : "wm-lvRepsData-wm.LiveVariable-1581499253098",
    "name" : "lvRepsData",
    "owner" : "Page",
    "category" : "wm.LiveVariable",
    "dataBinding" : [ ],
    "operation" : "read",
    "dataSet" : [ ],
    "type" : "Reps",
    "isList" : false,
    "saveInPhonegap" : false,
    "maxResults" : 20,
    "designMaxResults" : 10,
    "inFlightBehavior" : "executeLast",
    "startUpdate" : false,
    "autoUpdate" : false,
    "transformationRequired" : false,
    "liveSource" : "SalesVision",
    "ignoreCase" : true,
    "matchMode" : "startignorecase",
    "orderBy" : "id asc",
    "propertiesMap" : {
      "columns" : [ {
        "fieldName" : "repsByReportingHead",
        "type" : "integer",
        "fullyQualifiedType" : "integer",
        "columnName" : "REPORTING_HEAD",
        "isPrimaryKey" : false,
        "notNull" : false,
        "length" : 0,
        "precision" : 10,
        "generator" : "assigned",
        "isRelated" : true,
        "relatedTableName" : "REPS",
        "relatedEntityName" : "Reps",
        "relatedColumnName" : "reportingHead",
        "relatedFieldName" : "repsByReportingHead.id",
        "isList" : false,
        "targetTable" : "REPS",
        "scale" : 0,
        "columns" : [ {
          "fieldName" : "repsByReportingHead",
          "type" : "integer",
          "fullyQualifiedType" : "integer",
          "columnName" : "REPORTING_HEAD",
          "isPrimaryKey" : false,
          "notNull" : false,
          "length" : 0,
          "precision" : 10,
          "generator" : "assigned",
          "isRelated" : true,
          "relatedTableName" : "REPS",
          "relatedEntityName" : "Reps",
          "relatedColumnName" : "reportingHead",
          "targetTable" : "REPS",
          "scale" : 0
        }, {
          "fieldName" : "states",
          "type" : "integer",
          "fullyQualifiedType" : "integer",
          "columnName" : "STATE_ID_REF",
          "isPrimaryKey" : false,
          "notNull" : false,
          "length" : 0,
          "precision" : 10,
          "generator" : "assigned",
          "isRelated" : true,
          "relatedTableName" : "STATES",
          "relatedEntityName" : "States",
          "relatedColumnName" : "stateIdRef",
          "targetTable" : "STATES",
          "scale" : 0
        }, {
          "fieldName" : "channels",
          "type" : "integer",
          "fullyQualifiedType" : "integer",
          "columnName" : "CHANNEL_TYPE",
          "isPrimaryKey" : false,
          "notNull" : false,
          "length" : 0,
          "precision" : 10,
          "generator" : "assigned",
          "isRelated" : true,
          "relatedTableName" : "CHANNELS",
          "relatedEntityName" : "Channels",
          "relatedColumnName" : "channelType",
          "targetTable" : "CHANNELS",
          "scale" : 0
        }, {
          "fieldName" : "id",
          "type" : "integer",
          "fullyQualifiedType" : "integer",
          "columnName" : "ID",
          "isPrimaryKey" : true,
          "notNull" : true,
          "length" : 0,
          "precision" : 10,
          "generator" : "identity",
          "isRelated" : false,
          "scale" : 0
        }, {
          "fieldName" : "name",
          "type" : "string",
          "fullyQualifiedType" : "string",
          "columnName" : "NAME",
          "isPrimaryKey" : false,
          "notNull" : true,
          "length" : 32,
          "precision" : 0,
          "generator" : "assigned",
          "isRelated" : false,
          "scale" : 0
        }, {
          "fieldName" : "street",
          "type" : "string",
          "fullyQualifiedType" : "string",
          "columnName" : "STREET",
          "isPrimaryKey" : false,
          "notNull" : false,
          "length" : 64,
          "precision" : 0,
          "generator" : "assigned",
          "isRelated" : false,
          "scale" : 0
        }, {
          "fieldName" : "city",
          "type" : "string",
          "fullyQualifiedType" : "string",
          "columnName" : "CITY",
          "isPrimaryKey" : false,
          "notNull" : false,
          "length" : 32,
          "precision" : 0,
          "generator" : "assigned",
          "isRelated" : false,
          "scale" : 0
        }, {
          "fieldName" : "state",
          "type" : "string",
          "fullyQualifiedType" : "string",
          "columnName" : "STATE",
          "isPrimaryKey" : false,
          "notNull" : false,
          "length" : 2,
          "precision" : 0,
          "generator" : "assigned",
          "isRelated" : false,
          "scale" : 0
        }, {
          "fieldName" : "zip",
          "type" : "string",
          "fullyQualifiedType" : "string",
          "columnName" : "ZIP",
          "isPrimaryKey" : false,
          "notNull" : false,
          "length" : 6,
          "precision" : 0,
          "generator" : "assigned",
          "isRelated" : false,
          "scale" : 0
        }, {
          "fieldName" : "picurl",
          "type" : "string",
          "fullyQualifiedType" : "string",
          "columnName" : "PICURL",
          "isPrimaryKey" : false,
          "notNull" : false,
          "length" : 1024,
          "precision" : 0,
          "generator" : "assigned",
          "isRelated" : false,
          "scale" : 0
        }, {
          "fieldName" : "password",
          "type" : "string",
          "fullyQualifiedType" : "string",
          "columnName" : "PASSWORD",
          "isPrimaryKey" : false,
          "notNull" : false,
          "length" : 32,
          "precision" : 0,
          "generator" : "assigned",
          "isRelated" : false,
          "scale" : 0
        }, {
          "fieldName" : "role",
          "type" : "string",
          "fullyQualifiedType" : "string",
          "columnName" : "ROLE",
          "isPrimaryKey" : false,
          "notNull" : false,
          "length" : 32,
          "precision" : 0,
          "generator" : "assigned",
          "isRelated" : false,
          "scale" : 0
        }, {
          "fieldName" : "username",
          "type" : "string",
          "fullyQualifiedType" : "string",
          "columnName" : "USERNAME",
          "isPrimaryKey" : false,
          "notNull" : false,
          "length" : 32,
          "precision" : 0,
          "generator" : "assigned",
          "isRelated" : false,
          "scale" : 0
        }, {
          "fieldName" : "email",
          "type" : "string",
          "fullyQualifiedType" : "string",
          "columnName" : "EMAIL",
          "isPrimaryKey" : false,
          "notNull" : false,
          "length" : 255,
          "precision" : 0,
          "generator" : "assigned",
          "isRelated" : false,
          "defaultValue" : "",
          "scale" : 0
        }, {
          "fieldName" : "phone",
          "type" : "string",
          "fullyQualifiedType" : "string",
          "columnName" : "PHONE",
          "isPrimaryKey" : false,
          "notNull" : false,
          "length" : 255,
          "precision" : 0,
          "generator" : "assigned",
          "isRelated" : false,
          "defaultValue" : "",
          "scale" : 0
        }, {
          "fieldName" : "officeAddress",
          "type" : "string",
          "fullyQualifiedType" : "string",
          "columnName" : "OFFICE_ADDRESS",
          "isPrimaryKey" : false,
          "notNull" : false,
          "length" : 555,
          "precision" : 0,
          "generator" : "assigned",
          "isRelated" : false,
          "defaultValue" : "",
          "scale" : 0
        } ]
      }, {
        "fieldName" : "states",
        "type" : "integer",
        "fullyQualifiedType" : "integer",
        "columnName" : "STATE_ID_REF",
        "isPrimaryKey" : false,
        "notNull" : false,
        "length" : 0,
        "precision" : 10,
        "generator" : "assigned",
        "isRelated" : true,
        "relatedTableName" : "STATES",
        "relatedEntityName" : "States",
        "relatedColumnName" : "stateIdRef",
        "relatedFieldName" : "states.id",
        "isList" : false,
        "targetTable" : "STATES",
        "scale" : 0,
        "columns" : [ {
          "fieldName" : "id",
          "type" : "integer",
          "fullyQualifiedType" : "integer",
          "columnName" : "ID",
          "isPrimaryKey" : true,
          "notNull" : true,
          "length" : 0,
          "precision" : 10,
          "generator" : "identity",
          "isRelated" : false,
          "scale" : 0
        }, {
          "fieldName" : "name",
          "type" : "string",
          "fullyQualifiedType" : "string",
          "columnName" : "NAME",
          "isPrimaryKey" : false,
          "notNull" : true,
          "length" : 40,
          "precision" : 0,
          "generator" : "assigned",
          "isRelated" : false,
          "scale" : 0
        }, {
          "fieldName" : "abbrev",
          "type" : "string",
          "fullyQualifiedType" : "string",
          "columnName" : "ABBREV",
          "isPrimaryKey" : false,
          "notNull" : true,
          "length" : 2,
          "precision" : 0,
          "generator" : "assigned",
          "isRelated" : false,
          "scale" : 0
        } ]
      }, {
        "fieldName" : "channels",
        "type" : "integer",
        "fullyQualifiedType" : "integer",
        "columnName" : "CHANNEL_TYPE",
        "isPrimaryKey" : false,
        "notNull" : false,
        "length" : 0,
        "precision" : 10,
        "generator" : "assigned",
        "isRelated" : true,
        "relatedTableName" : "CHANNELS",
        "relatedEntityName" : "Channels",
        "relatedColumnName" : "channelType",
        "relatedFieldName" : "channels.id",
        "isList" : false,
        "targetTable" : "CHANNELS",
        "scale" : 0,
        "columns" : [ {
          "fieldName" : "id",
          "type" : "integer",
          "fullyQualifiedType" : "integer",
          "columnName" : "ID",
          "isPrimaryKey" : true,
          "notNull" : true,
          "length" : 0,
          "precision" : 10,
          "generator" : "identity",
          "isRelated" : false,
          "scale" : 0
        }, {
          "fieldName" : "name",
          "type" : "string",
          "fullyQualifiedType" : "string",
          "columnName" : "NAME",
          "isPrimaryKey" : false,
          "notNull" : true,
          "length" : 255,
          "precision" : 0,
          "generator" : "assigned",
          "isRelated" : false,
          "scale" : 0
        } ]
      }, {
        "fieldName" : "id",
        "type" : "integer",
        "fullyQualifiedType" : "integer",
        "columnName" : "ID",
        "isPrimaryKey" : true,
        "notNull" : true,
        "length" : 0,
        "precision" : 10,
        "generator" : "identity",
        "isRelated" : false,
        "scale" : 0
      }, {
        "fieldName" : "name",
        "type" : "string",
        "fullyQualifiedType" : "string",
        "columnName" : "NAME",
        "isPrimaryKey" : false,
        "notNull" : true,
        "length" : 32,
        "precision" : 0,
        "generator" : "assigned",
        "isRelated" : false,
        "scale" : 0
      }, {
        "fieldName" : "street",
        "type" : "string",
        "fullyQualifiedType" : "string",
        "columnName" : "STREET",
        "isPrimaryKey" : false,
        "notNull" : false,
        "length" : 64,
        "precision" : 0,
        "generator" : "assigned",
        "isRelated" : false,
        "scale" : 0
      }, {
        "fieldName" : "city",
        "type" : "string",
        "fullyQualifiedType" : "string",
        "columnName" : "CITY",
        "isPrimaryKey" : false,
        "notNull" : false,
        "length" : 32,
        "precision" : 0,
        "generator" : "assigned",
        "isRelated" : false,
        "scale" : 0
      }, {
        "fieldName" : "state",
        "type" : "string",
        "fullyQualifiedType" : "string",
        "columnName" : "STATE",
        "isPrimaryKey" : false,
        "notNull" : false,
        "length" : 2,
        "precision" : 0,
        "generator" : "assigned",
        "isRelated" : false,
        "scale" : 0
      }, {
        "fieldName" : "zip",
        "type" : "string",
        "fullyQualifiedType" : "string",
        "columnName" : "ZIP",
        "isPrimaryKey" : false,
        "notNull" : false,
        "length" : 6,
        "precision" : 0,
        "generator" : "assigned",
        "isRelated" : false,
        "scale" : 0
      }, {
        "fieldName" : "picurl",
        "type" : "string",
        "fullyQualifiedType" : "string",
        "columnName" : "PICURL",
        "isPrimaryKey" : false,
        "notNull" : false,
        "length" : 1024,
        "precision" : 0,
        "generator" : "assigned",
        "isRelated" : false,
        "scale" : 0
      }, {
        "fieldName" : "password",
        "type" : "string",
        "fullyQualifiedType" : "string",
        "columnName" : "PASSWORD",
        "isPrimaryKey" : false,
        "notNull" : false,
        "length" : 32,
        "precision" : 0,
        "generator" : "assigned",
        "isRelated" : false,
        "scale" : 0
      }, {
        "fieldName" : "role",
        "type" : "string",
        "fullyQualifiedType" : "string",
        "columnName" : "ROLE",
        "isPrimaryKey" : false,
        "notNull" : false,
        "length" : 32,
        "precision" : 0,
        "generator" : "assigned",
        "isRelated" : false,
        "scale" : 0
      }, {
        "fieldName" : "username",
        "type" : "string",
        "fullyQualifiedType" : "string",
        "columnName" : "USERNAME",
        "isPrimaryKey" : false,
        "notNull" : false,
        "length" : 32,
        "precision" : 0,
        "generator" : "assigned",
        "isRelated" : false,
        "scale" : 0
      }, {
        "fieldName" : "email",
        "type" : "string",
        "fullyQualifiedType" : "string",
        "columnName" : "EMAIL",
        "isPrimaryKey" : false,
        "notNull" : false,
        "length" : 255,
        "precision" : 0,
        "generator" : "assigned",
        "isRelated" : false,
        "defaultValue" : "",
        "scale" : 0
      }, {
        "fieldName" : "phone",
        "type" : "string",
        "fullyQualifiedType" : "string",
        "columnName" : "PHONE",
        "isPrimaryKey" : false,
        "notNull" : false,
        "length" : 255,
        "precision" : 0,
        "generator" : "assigned",
        "isRelated" : false,
        "defaultValue" : "",
        "scale" : 0
      }, {
        "fieldName" : "officeAddress",
        "type" : "string",
        "fullyQualifiedType" : "string",
        "columnName" : "OFFICE_ADDRESS",
        "isPrimaryKey" : false,
        "notNull" : false,
        "length" : 555,
        "precision" : 0,
        "generator" : "assigned",
        "isRelated" : false,
        "defaultValue" : "",
        "scale" : 0
      } ],
      "entityName" : "Reps",
      "fullyQualifiedName" : "com.salesvision.salesvision.Reps",
      "tableType" : "TABLE",
      "primaryFields" : [ "id" ]
    },
    "tableName" : "REPS",
    "tableType" : "TABLE",
    "properties" : [ "repsByReportingHead", "states", "channels" ],
    "relatedTables" : [ {
      "columnName" : "repsByReportingHead",
      "relationName" : "repsByReportingHead",
      "type" : "Reps",
      "watchOn" : "SalesVisionRepsData",
      "package" : "com.salesvision.salesvision.Reps"
    }, {
      "columnName" : "states",
      "relationName" : "states",
      "type" : "States",
      "watchOn" : "SalesVisionStatesData",
      "package" : "com.salesvision.salesvision.Reps"
    }, {
      "columnName" : "channels",
      "relationName" : "channels",
      "type" : "Channels",
      "watchOn" : "SalesVisionChannelsData",
      "package" : "com.salesvision.salesvision.Reps"
    } ],
    "filterFields" : { },
    "filterExpressions" : {
      "condition" : "AND",
      "rules" : [ {
        "target" : "",
        "type" : "string",
        "matchMode" : "anywhereignorecase",
        "value" : "",
        "required" : false,
        "secondvalue" : ""
      } ]
    },
    "package" : "com.salesvision.salesvision.Reps"
  },
  "QVGetSalesSum" : {
    "_id" : "wm-QVGetSalesSum-wm.ServiceVariable-1581515994872",
    "name" : "QVGetSalesSum",
    "owner" : "Page",
    "category" : "wm.ServiceVariable",
    "dataBinding" : [ {
      "target" : "fromDate",
      "value" : "bind:getLastMonthDate()",
      "type" : "string"
    }, {
      "target" : "toDate",
      "value" : "bind:App.currentDate",
      "type" : "string"
    }, {
      "target" : "repID",
      "value" : "bind:Widgets.RepsList1.selecteditem.id | numberToString",
      "type" : "string"
    } ],
    "type" : "com.salesvision.salesvision.models.query.GetSalesSumResponse",
    "service" : "SalesVision",
    "operation" : "executeGetSalesSum",
    "operationId" : "QueryExecutionController_executeGetSalesSum",
    "operationType" : "get",
    "serviceType" : "DataService",
    "dataSet" : [ ],
    "isList" : false,
    "maxResults" : 20,
    "startUpdate" : true,
    "autoUpdate" : true,
    "inFlightBehavior" : "executeLast",
    "transformationRequired" : false,
    "saveInPhonegap" : false,
    "controller" : "QueryExecution"
  }
}