{
  "wsPersonatics" : {
    "_id" : "wm-wsPersonatics-wm.ServiceVariable-1660888010724",
    "name" : "wsPersonatics",
    "owner" : "Page",
    "category" : "wm.ServiceVariable",
    "dataBinding" : [ {
      "target" : "demoUser",
      "value" : "Robert.Parker",
      "type" : "string"
    } ],
    "type" : "personatics.RootResponse",
    "service" : "personatics",
    "operation" : "invoke",
    "operationId" : "personatics_RestServiceVirtualController-invoke",
    "operationType" : "get",
    "serviceType" : "RestService",
    "dataSet" : [ ],
    "isList" : false,
    "maxResults" : 20,
    "startUpdate" : true,
    "autoUpdate" : false,
    "inFlightBehavior" : "executeLast",
    "transformationRequired" : false,
    "saveInPhonegap" : false,
    "controller" : "RestServiceVirtual"
  }
}