{
  "DVgetrewards" : {
    "_id" : "wm-DVgetrewards-wm.LiveVariable-1581322225245",
    "name" : "DVgetrewards",
    "owner" : "Page",
    "category" : "wm.LiveVariable",
    "dataBinding" : [ ],
    "operation" : "read",
    "dataSet" : [ ],
    "type" : "Rewards",
    "isList" : false,
    "saveInPhonegap" : false,
    "maxResults" : 20,
    "designMaxResults" : 10,
    "inFlightBehavior" : "executeLast",
    "startUpdate" : true,
    "autoUpdate" : false,
    "transformationRequired" : false,
    "liveSource" : "SalesVision",
    "ignoreCase" : true,
    "matchMode" : "startignorecase",
    "orderBy" : "id asc",
    "propertiesMap" : {
      "columns" : [ {
        "fieldName" : "reps",
        "type" : "integer",
        "fullyQualifiedType" : "integer",
        "columnName" : "REPID",
        "isPrimaryKey" : false,
        "notNull" : false,
        "length" : 0,
        "precision" : 10,
        "generator" : "assigned",
        "isRelated" : true,
        "defaultValue" : "",
        "relatedTableName" : "REPS",
        "relatedEntityName" : "Reps",
        "relatedColumnName" : "repid",
        "relatedFieldName" : "reps.id",
        "isList" : false,
        "targetTable" : "REPS",
        "scale" : 0,
        "columns" : [ {
          "fieldName" : "repsByReportingHead",
          "type" : "integer",
          "fullyQualifiedType" : "integer",
          "columnName" : "REPORTING_HEAD",
          "isPrimaryKey" : false,
          "notNull" : false,
          "length" : 0,
          "precision" : 10,
          "generator" : "assigned",
          "isRelated" : true,
          "relatedColumnName" : "reportingHead",
          "targetTable" : "REPS",
          "scale" : 0
        }, {
          "fieldName" : "states",
          "type" : "integer",
          "fullyQualifiedType" : "integer",
          "columnName" : "STATE_ID_REF",
          "isPrimaryKey" : false,
          "notNull" : false,
          "length" : 0,
          "precision" : 10,
          "generator" : "assigned",
          "isRelated" : true,
          "relatedColumnName" : "stateIdRef",
          "targetTable" : "STATES",
          "scale" : 0
        }, {
          "fieldName" : "channels",
          "type" : "integer",
          "fullyQualifiedType" : "integer",
          "columnName" : "CHANNEL_TYPE",
          "isPrimaryKey" : false,
          "notNull" : false,
          "length" : 0,
          "precision" : 10,
          "generator" : "assigned",
          "isRelated" : true,
          "relatedColumnName" : "channelType",
          "targetTable" : "CHANNELS",
          "scale" : 0
        }, {
          "fieldName" : "id",
          "type" : "integer",
          "fullyQualifiedType" : "integer",
          "columnName" : "ID",
          "isPrimaryKey" : true,
          "notNull" : true,
          "length" : 0,
          "precision" : 10,
          "generator" : "identity",
          "isRelated" : false,
          "scale" : 0
        }, {
          "fieldName" : "name",
          "type" : "string",
          "fullyQualifiedType" : "string",
          "columnName" : "NAME",
          "isPrimaryKey" : false,
          "notNull" : true,
          "length" : 32,
          "precision" : 0,
          "generator" : "assigned",
          "isRelated" : false,
          "scale" : 0
        }, {
          "fieldName" : "street",
          "type" : "string",
          "fullyQualifiedType" : "string",
          "columnName" : "STREET",
          "isPrimaryKey" : false,
          "notNull" : false,
          "length" : 64,
          "precision" : 0,
          "generator" : "assigned",
          "isRelated" : false,
          "scale" : 0
        }, {
          "fieldName" : "city",
          "type" : "string",
          "fullyQualifiedType" : "string",
          "columnName" : "CITY",
          "isPrimaryKey" : false,
          "notNull" : false,
          "length" : 32,
          "precision" : 0,
          "generator" : "assigned",
          "isRelated" : false,
          "scale" : 0
        }, {
          "fieldName" : "state",
          "type" : "string",
          "fullyQualifiedType" : "string",
          "columnName" : "STATE",
          "isPrimaryKey" : false,
          "notNull" : false,
          "length" : 2,
          "precision" : 0,
          "generator" : "assigned",
          "isRelated" : false,
          "scale" : 0
        }, {
          "fieldName" : "zip",
          "type" : "string",
          "fullyQualifiedType" : "string",
          "columnName" : "ZIP",
          "isPrimaryKey" : false,
          "notNull" : false,
          "length" : 6,
          "precision" : 0,
          "generator" : "assigned",
          "isRelated" : false,
          "scale" : 0
        }, {
          "fieldName" : "picurl",
          "type" : "string",
          "fullyQualifiedType" : "string",
          "columnName" : "PICURL",
          "isPrimaryKey" : false,
          "notNull" : false,
          "length" : 1024,
          "precision" : 0,
          "generator" : "assigned",
          "isRelated" : false,
          "scale" : 0
        }, {
          "fieldName" : "password",
          "type" : "string",
          "fullyQualifiedType" : "string",
          "columnName" : "PASSWORD",
          "isPrimaryKey" : false,
          "notNull" : false,
          "length" : 32,
          "precision" : 0,
          "generator" : "assigned",
          "isRelated" : false,
          "scale" : 0
        }, {
          "fieldName" : "role",
          "type" : "string",
          "fullyQualifiedType" : "string",
          "columnName" : "ROLE",
          "isPrimaryKey" : false,
          "notNull" : false,
          "length" : 32,
          "precision" : 0,
          "generator" : "assigned",
          "isRelated" : false,
          "scale" : 0
        }, {
          "fieldName" : "username",
          "type" : "string",
          "fullyQualifiedType" : "string",
          "columnName" : "USERNAME",
          "isPrimaryKey" : false,
          "notNull" : false,
          "length" : 32,
          "precision" : 0,
          "generator" : "assigned",
          "isRelated" : false,
          "scale" : 0
        }, {
          "fieldName" : "email",
          "type" : "string",
          "fullyQualifiedType" : "string",
          "columnName" : "EMAIL",
          "isPrimaryKey" : false,
          "notNull" : false,
          "length" : 255,
          "precision" : 0,
          "generator" : "assigned",
          "isRelated" : false,
          "defaultValue" : "",
          "scale" : 0
        }, {
          "fieldName" : "phone",
          "type" : "string",
          "fullyQualifiedType" : "string",
          "columnName" : "PHONE",
          "isPrimaryKey" : false,
          "notNull" : false,
          "length" : 255,
          "precision" : 0,
          "generator" : "assigned",
          "isRelated" : false,
          "defaultValue" : "",
          "scale" : 0
        }, {
          "fieldName" : "officeAddress",
          "type" : "string",
          "fullyQualifiedType" : "string",
          "columnName" : "OFFICE_ADDRESS",
          "isPrimaryKey" : false,
          "notNull" : false,
          "length" : 555,
          "precision" : 0,
          "generator" : "assigned",
          "isRelated" : false,
          "defaultValue" : "",
          "scale" : 0
        } ]
      }, {
        "fieldName" : "id",
        "type" : "integer",
        "fullyQualifiedType" : "integer",
        "columnName" : "ID",
        "isPrimaryKey" : true,
        "notNull" : true,
        "length" : 0,
        "precision" : 10,
        "generator" : "identity",
        "isRelated" : false,
        "defaultValue" : "",
        "scale" : 0
      }, {
        "fieldName" : "monthlyCommission",
        "type" : "integer",
        "fullyQualifiedType" : "integer",
        "columnName" : "MONTHLY_COMMISSION",
        "isPrimaryKey" : false,
        "notNull" : false,
        "length" : 0,
        "precision" : 10,
        "generator" : "assigned",
        "isRelated" : false,
        "defaultValue" : "",
        "scale" : 0
      }, {
        "fieldName" : "quarterlyBonus",
        "type" : "integer",
        "fullyQualifiedType" : "integer",
        "columnName" : "QUARTERLY_BONUS",
        "isPrimaryKey" : false,
        "notNull" : false,
        "length" : 0,
        "precision" : 10,
        "generator" : "assigned",
        "isRelated" : false,
        "defaultValue" : "",
        "scale" : 0
      } ],
      "entityName" : "Rewards",
      "fullyQualifiedName" : "com.salesvision.salesvision.Rewards",
      "tableType" : "TABLE",
      "primaryFields" : [ "id" ]
    },
    "bindCount" : 0,
    "tableName" : "REWARDS",
    "tableType" : "TABLE",
    "properties" : [ "reps" ],
    "relatedTables" : [ {
      "columnName" : "reps",
      "relationName" : "reps",
      "type" : "Reps",
      "watchOn" : "SalesVisionRepsData",
      "package" : "com.salesvision.salesvision.Rewards"
    } ],
    "filterFields" : { },
    "filterExpressions" : {
      "condition" : "AND",
      "rules" : [ {
        "target" : "repid",
        "type" : "integer",
        "matchMode" : "exact",
        "value" : "bind:Variables.loggedInUserNo.dataSet.id | stringToNumber",
        "required" : false,
        "secondvalue" : "",
        "isFirst" : true
      } ]
    },
    "package" : "com.salesvision.salesvision.Rewards"
  },
  "QVGetSalesSum" : {
    "_id" : "wm-QVGetSalesSum-wm.ServiceVariable-1581516143872",
    "name" : "QVGetSalesSum",
    "owner" : "Page",
    "category" : "wm.ServiceVariable",
    "dataBinding" : [ {
      "target" : "fromDate",
      "value" : "bind:getLastMonthDate()",
      "type" : "string"
    }, {
      "target" : "toDate",
      "value" : "bind:App.currentDate",
      "type" : "string"
    }, {
      "target" : "repID",
      "value" : "bind:(Variables.LoggedInUserREPS.firstRecord.channels.id==5)?null:Variables.loggedInUserNo.dataSet.id",
      "type" : "string"
    }, {
      "target" : "reportingHead",
      "value" : "bind:(Variables.LoggedInUserREPS.firstRecord.channels.id==5)?Variables.loggedInUserNo.dataSet.id:null",
      "type" : "string"
    } ],
    "type" : "com.salesvision.salesvision.models.query.GetSalesSumResponse",
    "service" : "SalesVision",
    "operation" : "executeGetSalesSum",
    "operationId" : "QueryExecutionController_executeGetSalesSum",
    "operationType" : "get",
    "serviceType" : "DataService",
    "dataSet" : [ ],
    "isList" : false,
    "maxResults" : 20,
    "startUpdate" : true,
    "autoUpdate" : false,
    "inFlightBehavior" : "executeLast",
    "transformationRequired" : false,
    "saveInPhonegap" : false,
    "controller" : "QueryExecution"
  },
  "salesdonutchart" : {
    "_id" : "wm-salesdonutchart-wm.LiveVariable-1580983563464",
    "name" : "salesdonutchart",
    "owner" : "Page",
    "category" : "wm.LiveVariable",
    "dataBinding" : [ ],
    "operation" : "read",
    "dataSet" : [ ],
    "type" : "Sales",
    "isList" : false,
    "saveInPhonegap" : false,
    "maxResults" : 20,
    "designMaxResults" : 10,
    "inFlightBehavior" : "executeLast",
    "startUpdate" : true,
    "autoUpdate" : true,
    "transformationRequired" : false,
    "liveSource" : "SalesVision",
    "ignoreCase" : true,
    "matchMode" : "startignorecase",
    "orderBy" : "id asc",
    "propertiesMap" : {
      "columns" : [ {
        "fieldName" : "products",
        "type" : "integer",
        "fullyQualifiedType" : "integer",
        "columnName" : "PRODUCT_ID",
        "isPrimaryKey" : false,
        "notNull" : false,
        "length" : 0,
        "precision" : 10,
        "generator" : "assigned",
        "isRelated" : true,
        "relatedTableName" : "PRODUCTS",
        "relatedEntityName" : "Products",
        "relatedColumnName" : "productId",
        "relatedFieldName" : "products.id",
        "isList" : false,
        "targetTable" : "PRODUCTS",
        "scale" : 0,
        "columns" : [ {
          "fieldName" : "id",
          "type" : "integer",
          "fullyQualifiedType" : "integer",
          "columnName" : "ID",
          "isPrimaryKey" : true,
          "notNull" : true,
          "length" : 0,
          "precision" : 10,
          "generator" : "identity",
          "isRelated" : false,
          "scale" : 0
        }, {
          "fieldName" : "name",
          "type" : "string",
          "fullyQualifiedType" : "string",
          "columnName" : "NAME",
          "isPrimaryKey" : false,
          "notNull" : true,
          "length" : 40,
          "precision" : 0,
          "generator" : "assigned",
          "isRelated" : false,
          "scale" : 0
        } ]
      }, {
        "fieldName" : "quotes",
        "type" : "integer",
        "fullyQualifiedType" : "integer",
        "columnName" : "QUOTE_ID",
        "isPrimaryKey" : false,
        "notNull" : false,
        "length" : 0,
        "precision" : 10,
        "generator" : "assigned",
        "isRelated" : true,
        "relatedTableName" : "QUOTES",
        "relatedEntityName" : "Quotes",
        "relatedColumnName" : "quoteId",
        "relatedFieldName" : "quotes.id",
        "isList" : false,
        "targetTable" : "QUOTES",
        "scale" : 0,
        "columns" : [ {
          "fieldName" : "reps",
          "type" : "integer",
          "fullyQualifiedType" : "integer",
          "columnName" : "REP_ID",
          "isPrimaryKey" : false,
          "notNull" : false,
          "length" : 0,
          "precision" : 10,
          "generator" : "assigned",
          "isRelated" : true,
          "relatedColumnName" : "repId",
          "targetTable" : "REPS",
          "scale" : 0
        }, {
          "fieldName" : "customers",
          "type" : "integer",
          "fullyQualifiedType" : "integer",
          "columnName" : "CUSTOMER_ID",
          "isPrimaryKey" : false,
          "notNull" : false,
          "length" : 0,
          "precision" : 10,
          "generator" : "assigned",
          "isRelated" : true,
          "defaultValue" : "",
          "relatedColumnName" : "customerId",
          "targetTable" : "CUSTOMERS",
          "scale" : 0
        }, {
          "fieldName" : "products",
          "type" : "integer",
          "fullyQualifiedType" : "integer",
          "columnName" : "PRODUCT_ID",
          "isPrimaryKey" : false,
          "notNull" : false,
          "length" : 0,
          "precision" : 10,
          "generator" : "assigned",
          "isRelated" : true,
          "defaultValue" : "",
          "relatedColumnName" : "productId",
          "targetTable" : "PRODUCTS",
          "scale" : 0
        }, {
          "fieldName" : "quoteStatus",
          "type" : "integer",
          "fullyQualifiedType" : "integer",
          "columnName" : "QUOTE_STATUS_REF",
          "isPrimaryKey" : false,
          "notNull" : false,
          "length" : 0,
          "precision" : 10,
          "generator" : "assigned",
          "isRelated" : true,
          "defaultValue" : "",
          "relatedColumnName" : "quoteStatusRef",
          "targetTable" : "QUOTE_STATUS",
          "scale" : 0
        }, {
          "fieldName" : "id",
          "type" : "integer",
          "fullyQualifiedType" : "integer",
          "columnName" : "ID",
          "isPrimaryKey" : true,
          "notNull" : true,
          "length" : 0,
          "precision" : 10,
          "generator" : "identity",
          "isRelated" : false,
          "scale" : 0
        }, {
          "fieldName" : "entryDate",
          "type" : "date",
          "fullyQualifiedType" : "date",
          "columnName" : "ENTRY_DATE",
          "isPrimaryKey" : false,
          "notNull" : false,
          "length" : 0,
          "precision" : 0,
          "generator" : "assigned",
          "isRelated" : false,
          "scale" : 0
        }, {
          "fieldName" : "estimatedSale",
          "type" : "integer",
          "fullyQualifiedType" : "integer",
          "columnName" : "ESTIMATED_SALE",
          "isPrimaryKey" : false,
          "notNull" : false,
          "length" : 0,
          "precision" : 10,
          "generator" : "assigned",
          "isRelated" : false,
          "scale" : 0
        }, {
          "fieldName" : "expectedCloseDate",
          "type" : "date",
          "fullyQualifiedType" : "date",
          "columnName" : "EXPECTED_CLOSE_DATE",
          "isPrimaryKey" : false,
          "notNull" : false,
          "length" : 0,
          "precision" : 0,
          "generator" : "assigned",
          "isRelated" : false,
          "scale" : 0
        }, {
          "fieldName" : "isSalesConverted",
          "type" : "boolean",
          "fullyQualifiedType" : "boolean",
          "columnName" : "IS_SALES_CONVERTED",
          "isPrimaryKey" : false,
          "notNull" : false,
          "length" : 0,
          "precision" : 1,
          "generator" : "assigned",
          "isRelated" : false,
          "scale" : 0
        } ]
      }, {
        "fieldName" : "id",
        "type" : "integer",
        "fullyQualifiedType" : "integer",
        "columnName" : "ID",
        "isPrimaryKey" : true,
        "notNull" : true,
        "length" : 0,
        "precision" : 10,
        "generator" : "identity",
        "isRelated" : false,
        "scale" : 0
      }, {
        "fieldName" : "entryDate",
        "type" : "date",
        "fullyQualifiedType" : "date",
        "columnName" : "ENTRY_DATE",
        "isPrimaryKey" : false,
        "notNull" : false,
        "length" : 0,
        "precision" : 0,
        "generator" : "assigned",
        "isRelated" : false,
        "scale" : 0
      }, {
        "fieldName" : "sales",
        "type" : "integer",
        "fullyQualifiedType" : "integer",
        "columnName" : "SALES",
        "isPrimaryKey" : false,
        "notNull" : false,
        "length" : 0,
        "precision" : 10,
        "generator" : "assigned",
        "isRelated" : false,
        "scale" : 0
      }, {
        "fieldName" : "isRenewal",
        "type" : "boolean",
        "fullyQualifiedType" : "boolean",
        "columnName" : "IS_RENEWAL",
        "isPrimaryKey" : false,
        "notNull" : false,
        "length" : 0,
        "precision" : 1,
        "generator" : "assigned",
        "isRelated" : false,
        "scale" : 0
      }, {
        "fieldName" : "comments",
        "type" : "string",
        "fullyQualifiedType" : "string",
        "columnName" : "COMMENTS",
        "isPrimaryKey" : false,
        "notNull" : false,
        "length" : 555,
        "precision" : 0,
        "generator" : "assigned",
        "isRelated" : false,
        "defaultValue" : "",
        "scale" : 0
      }, {
        "fieldName" : "renewalPeriod",
        "type" : "integer",
        "fullyQualifiedType" : "integer",
        "columnName" : "RENEWAL_PERIOD",
        "isPrimaryKey" : false,
        "notNull" : false,
        "length" : 0,
        "precision" : 10,
        "generator" : "assigned",
        "isRelated" : false,
        "defaultValue" : "",
        "scale" : 0
      } ],
      "entityName" : "Sales",
      "fullyQualifiedName" : "com.salesvision.salesvision.Sales",
      "tableType" : "TABLE",
      "primaryFields" : [ "id" ]
    },
    "bindCount" : 0,
    "tableName" : "SALES",
    "tableType" : "TABLE",
    "properties" : [ "products", "quotes" ],
    "relatedTables" : [ {
      "columnName" : "products",
      "relationName" : "products",
      "type" : "Products",
      "watchOn" : "SalesVisionProductsData",
      "package" : "com.salesvision.salesvision.Sales"
    }, {
      "columnName" : "quotes",
      "relationName" : "quotes",
      "type" : "Quotes",
      "watchOn" : "SalesVisionQuotesData",
      "package" : "com.salesvision.salesvision.Sales"
    } ],
    "filterFields" : { },
    "filterExpressions" : { },
    "package" : "com.salesvision.salesvision.Sales"
  },
  "SalesVisionBadgesData" : {
    "_id" : "wm-SalesVisionBadgesData-wm.LiveVariable-1581076388400",
    "name" : "SalesVisionBadgesData",
    "owner" : "Page",
    "category" : "wm.LiveVariable",
    "dataBinding" : [ ],
    "operation" : "read",
    "dataSet" : [ ],
    "type" : "Badges",
    "isList" : true,
    "saveInPhonegap" : false,
    "maxResults" : 3,
    "designMaxResults" : 3,
    "inFlightBehavior" : "executeLast",
    "startUpdate" : true,
    "autoUpdate" : false,
    "transformationRequired" : false,
    "liveSource" : "SalesVision",
    "ignoreCase" : true,
    "matchMode" : "startignorecase",
    "orderBy" : "id asc",
    "propertiesMap" : {
      "columns" : [ {
        "fieldName" : "reps",
        "type" : "integer",
        "fullyQualifiedType" : "integer",
        "columnName" : "REPID",
        "isPrimaryKey" : false,
        "notNull" : false,
        "length" : 0,
        "precision" : 10,
        "generator" : "assigned",
        "isRelated" : true,
        "relatedTableName" : "REPS",
        "relatedEntityName" : "Reps",
        "relatedColumnName" : "repid",
        "relatedFieldName" : "reps.id",
        "isList" : false,
        "targetTable" : "REPS",
        "scale" : 0,
        "columns" : [ {
          "fieldName" : "repsByReportingHead",
          "type" : "integer",
          "fullyQualifiedType" : "integer",
          "columnName" : "REPORTING_HEAD",
          "isPrimaryKey" : false,
          "notNull" : false,
          "length" : 0,
          "precision" : 10,
          "generator" : "assigned",
          "isRelated" : true,
          "relatedColumnName" : "reportingHead",
          "targetTable" : "REPS",
          "scale" : 0
        }, {
          "fieldName" : "states",
          "type" : "integer",
          "fullyQualifiedType" : "integer",
          "columnName" : "STATE_ID_REF",
          "isPrimaryKey" : false,
          "notNull" : false,
          "length" : 0,
          "precision" : 10,
          "generator" : "assigned",
          "isRelated" : true,
          "relatedColumnName" : "stateIdRef",
          "targetTable" : "STATES",
          "scale" : 0
        }, {
          "fieldName" : "channels",
          "type" : "integer",
          "fullyQualifiedType" : "integer",
          "columnName" : "CHANNEL_TYPE",
          "isPrimaryKey" : false,
          "notNull" : false,
          "length" : 0,
          "precision" : 10,
          "generator" : "assigned",
          "isRelated" : true,
          "relatedColumnName" : "channelType",
          "targetTable" : "CHANNELS",
          "scale" : 0
        }, {
          "fieldName" : "id",
          "type" : "integer",
          "fullyQualifiedType" : "integer",
          "columnName" : "ID",
          "isPrimaryKey" : true,
          "notNull" : true,
          "length" : 0,
          "precision" : 10,
          "generator" : "identity",
          "isRelated" : false,
          "scale" : 0
        }, {
          "fieldName" : "name",
          "type" : "string",
          "fullyQualifiedType" : "string",
          "columnName" : "NAME",
          "isPrimaryKey" : false,
          "notNull" : true,
          "length" : 32,
          "precision" : 0,
          "generator" : "assigned",
          "isRelated" : false,
          "scale" : 0
        }, {
          "fieldName" : "street",
          "type" : "string",
          "fullyQualifiedType" : "string",
          "columnName" : "STREET",
          "isPrimaryKey" : false,
          "notNull" : false,
          "length" : 64,
          "precision" : 0,
          "generator" : "assigned",
          "isRelated" : false,
          "scale" : 0
        }, {
          "fieldName" : "city",
          "type" : "string",
          "fullyQualifiedType" : "string",
          "columnName" : "CITY",
          "isPrimaryKey" : false,
          "notNull" : false,
          "length" : 32,
          "precision" : 0,
          "generator" : "assigned",
          "isRelated" : false,
          "scale" : 0
        }, {
          "fieldName" : "state",
          "type" : "string",
          "fullyQualifiedType" : "string",
          "columnName" : "STATE",
          "isPrimaryKey" : false,
          "notNull" : false,
          "length" : 2,
          "precision" : 0,
          "generator" : "assigned",
          "isRelated" : false,
          "scale" : 0
        }, {
          "fieldName" : "zip",
          "type" : "string",
          "fullyQualifiedType" : "string",
          "columnName" : "ZIP",
          "isPrimaryKey" : false,
          "notNull" : false,
          "length" : 6,
          "precision" : 0,
          "generator" : "assigned",
          "isRelated" : false,
          "scale" : 0
        }, {
          "fieldName" : "picurl",
          "type" : "string",
          "fullyQualifiedType" : "string",
          "columnName" : "PICURL",
          "isPrimaryKey" : false,
          "notNull" : false,
          "length" : 1024,
          "precision" : 0,
          "generator" : "assigned",
          "isRelated" : false,
          "scale" : 0
        }, {
          "fieldName" : "password",
          "type" : "string",
          "fullyQualifiedType" : "string",
          "columnName" : "PASSWORD",
          "isPrimaryKey" : false,
          "notNull" : false,
          "length" : 32,
          "precision" : 0,
          "generator" : "assigned",
          "isRelated" : false,
          "scale" : 0
        }, {
          "fieldName" : "role",
          "type" : "string",
          "fullyQualifiedType" : "string",
          "columnName" : "ROLE",
          "isPrimaryKey" : false,
          "notNull" : false,
          "length" : 32,
          "precision" : 0,
          "generator" : "assigned",
          "isRelated" : false,
          "scale" : 0
        }, {
          "fieldName" : "username",
          "type" : "string",
          "fullyQualifiedType" : "string",
          "columnName" : "USERNAME",
          "isPrimaryKey" : false,
          "notNull" : false,
          "length" : 32,
          "precision" : 0,
          "generator" : "assigned",
          "isRelated" : false,
          "scale" : 0
        }, {
          "fieldName" : "email",
          "type" : "string",
          "fullyQualifiedType" : "string",
          "columnName" : "EMAIL",
          "isPrimaryKey" : false,
          "notNull" : false,
          "length" : 255,
          "precision" : 0,
          "generator" : "assigned",
          "isRelated" : false,
          "defaultValue" : "",
          "scale" : 0
        }, {
          "fieldName" : "phone",
          "type" : "string",
          "fullyQualifiedType" : "string",
          "columnName" : "PHONE",
          "isPrimaryKey" : false,
          "notNull" : false,
          "length" : 255,
          "precision" : 0,
          "generator" : "assigned",
          "isRelated" : false,
          "defaultValue" : "",
          "scale" : 0
        }, {
          "fieldName" : "officeAddress",
          "type" : "string",
          "fullyQualifiedType" : "string",
          "columnName" : "OFFICE_ADDRESS",
          "isPrimaryKey" : false,
          "notNull" : false,
          "length" : 555,
          "precision" : 0,
          "generator" : "assigned",
          "isRelated" : false,
          "defaultValue" : "",
          "scale" : 0
        } ]
      }, {
        "fieldName" : "id",
        "type" : "integer",
        "fullyQualifiedType" : "integer",
        "columnName" : "ID",
        "isPrimaryKey" : true,
        "notNull" : true,
        "length" : 0,
        "precision" : 10,
        "generator" : "identity",
        "isRelated" : false,
        "scale" : 0
      }, {
        "fieldName" : "badgename",
        "type" : "string",
        "fullyQualifiedType" : "string",
        "columnName" : "BADGENAME",
        "isPrimaryKey" : false,
        "notNull" : false,
        "length" : 255,
        "precision" : 0,
        "generator" : "assigned",
        "isRelated" : false,
        "scale" : 0
      }, {
        "fieldName" : "badgeicon",
        "type" : "string",
        "fullyQualifiedType" : "string",
        "columnName" : "BADGEICON",
        "isPrimaryKey" : false,
        "notNull" : false,
        "length" : 255,
        "precision" : 0,
        "generator" : "assigned",
        "isRelated" : false,
        "scale" : 0
      }, {
        "fieldName" : "receivedDate",
        "type" : "string",
        "fullyQualifiedType" : "string",
        "columnName" : "RECEIVED_DATE",
        "isPrimaryKey" : false,
        "notNull" : false,
        "length" : 255,
        "precision" : 0,
        "generator" : "assigned",
        "isRelated" : false,
        "scale" : 0
      } ],
      "entityName" : "Badges",
      "fullyQualifiedName" : "com.salesvision.salesvision.Badges",
      "tableType" : "TABLE",
      "primaryFields" : [ "id" ]
    },
    "isDefault" : true,
    "bindCount" : 1,
    "tableName" : "BADGES",
    "tableType" : "TABLE",
    "properties" : [ "reps" ],
    "relatedTables" : [ {
      "columnName" : "reps",
      "relationName" : "reps",
      "type" : "Reps",
      "watchOn" : "SalesVisionRepsData",
      "package" : "com.salesvision.salesvision.Badges"
    } ],
    "filterFields" : { },
    "filterExpressions" : {
      "condition" : "AND",
      "rules" : [ {
        "target" : "repid",
        "type" : "integer",
        "matchMode" : "exact",
        "value" : "bind:Variables.loggedInUserNo.dataSet.id | stringToNumber",
        "required" : false,
        "secondvalue" : "",
        "isFirst" : true
      } ]
    },
    "package" : "com.salesvision.salesvision.Badges"
  },
  "SalesVisionRepsData" : {
    "_id" : "wm-SalesVisionRepsData-wm.LiveVariable-1580983397149",
    "name" : "SalesVisionRepsData",
    "owner" : "Page",
    "category" : "wm.LiveVariable",
    "dataBinding" : [ ],
    "operation" : "read",
    "dataSet" : [ ],
    "type" : "Reps",
    "isList" : true,
    "saveInPhonegap" : false,
    "maxResults" : 1,
    "designMaxResults" : 10,
    "inFlightBehavior" : "executeLast",
    "startUpdate" : true,
    "autoUpdate" : false,
    "transformationRequired" : false,
    "liveSource" : "SalesVision",
    "ignoreCase" : true,
    "matchMode" : "startignorecase",
    "orderBy" : "id asc",
    "propertiesMap" : {
      "columns" : [ {
        "fieldName" : "repsByReportingHead",
        "type" : "integer",
        "fullyQualifiedType" : "integer",
        "columnName" : "REPORTING_HEAD",
        "isPrimaryKey" : false,
        "notNull" : false,
        "length" : 0,
        "precision" : 10,
        "generator" : "assigned",
        "isRelated" : true,
        "relatedTableName" : "REPS",
        "relatedEntityName" : "Reps",
        "relatedColumnName" : "reportingHead",
        "relatedFieldName" : "repsByReportingHead.id",
        "isList" : false,
        "targetTable" : "REPS",
        "scale" : 0,
        "columns" : [ {
          "fieldName" : "repsByReportingHead",
          "type" : "integer",
          "fullyQualifiedType" : "integer",
          "columnName" : "REPORTING_HEAD",
          "isPrimaryKey" : false,
          "notNull" : false,
          "length" : 0,
          "precision" : 10,
          "generator" : "assigned",
          "isRelated" : true,
          "relatedTableName" : "REPS",
          "relatedEntityName" : "Reps",
          "relatedColumnName" : "reportingHead",
          "targetTable" : "REPS",
          "scale" : 0
        }, {
          "fieldName" : "states",
          "type" : "integer",
          "fullyQualifiedType" : "integer",
          "columnName" : "STATE_ID_REF",
          "isPrimaryKey" : false,
          "notNull" : false,
          "length" : 0,
          "precision" : 10,
          "generator" : "assigned",
          "isRelated" : true,
          "relatedTableName" : "STATES",
          "relatedEntityName" : "States",
          "relatedColumnName" : "stateIdRef",
          "targetTable" : "STATES",
          "scale" : 0
        }, {
          "fieldName" : "channels",
          "type" : "integer",
          "fullyQualifiedType" : "integer",
          "columnName" : "CHANNEL_TYPE",
          "isPrimaryKey" : false,
          "notNull" : false,
          "length" : 0,
          "precision" : 10,
          "generator" : "assigned",
          "isRelated" : true,
          "relatedTableName" : "CHANNELS",
          "relatedEntityName" : "Channels",
          "relatedColumnName" : "channelType",
          "targetTable" : "CHANNELS",
          "scale" : 0
        }, {
          "fieldName" : "id",
          "type" : "integer",
          "fullyQualifiedType" : "integer",
          "columnName" : "ID",
          "isPrimaryKey" : true,
          "notNull" : true,
          "length" : 0,
          "precision" : 10,
          "generator" : "identity",
          "isRelated" : false,
          "scale" : 0
        }, {
          "fieldName" : "name",
          "type" : "string",
          "fullyQualifiedType" : "string",
          "columnName" : "NAME",
          "isPrimaryKey" : false,
          "notNull" : true,
          "length" : 32,
          "precision" : 0,
          "generator" : "assigned",
          "isRelated" : false,
          "scale" : 0
        }, {
          "fieldName" : "street",
          "type" : "string",
          "fullyQualifiedType" : "string",
          "columnName" : "STREET",
          "isPrimaryKey" : false,
          "notNull" : false,
          "length" : 64,
          "precision" : 0,
          "generator" : "assigned",
          "isRelated" : false,
          "scale" : 0
        }, {
          "fieldName" : "city",
          "type" : "string",
          "fullyQualifiedType" : "string",
          "columnName" : "CITY",
          "isPrimaryKey" : false,
          "notNull" : false,
          "length" : 32,
          "precision" : 0,
          "generator" : "assigned",
          "isRelated" : false,
          "scale" : 0
        }, {
          "fieldName" : "state",
          "type" : "string",
          "fullyQualifiedType" : "string",
          "columnName" : "STATE",
          "isPrimaryKey" : false,
          "notNull" : false,
          "length" : 2,
          "precision" : 0,
          "generator" : "assigned",
          "isRelated" : false,
          "scale" : 0
        }, {
          "fieldName" : "zip",
          "type" : "string",
          "fullyQualifiedType" : "string",
          "columnName" : "ZIP",
          "isPrimaryKey" : false,
          "notNull" : false,
          "length" : 6,
          "precision" : 0,
          "generator" : "assigned",
          "isRelated" : false,
          "scale" : 0
        }, {
          "fieldName" : "picurl",
          "type" : "string",
          "fullyQualifiedType" : "string",
          "columnName" : "PICURL",
          "isPrimaryKey" : false,
          "notNull" : false,
          "length" : 1024,
          "precision" : 0,
          "generator" : "assigned",
          "isRelated" : false,
          "scale" : 0
        }, {
          "fieldName" : "password",
          "type" : "string",
          "fullyQualifiedType" : "string",
          "columnName" : "PASSWORD",
          "isPrimaryKey" : false,
          "notNull" : false,
          "length" : 32,
          "precision" : 0,
          "generator" : "assigned",
          "isRelated" : false,
          "scale" : 0
        }, {
          "fieldName" : "role",
          "type" : "string",
          "fullyQualifiedType" : "string",
          "columnName" : "ROLE",
          "isPrimaryKey" : false,
          "notNull" : false,
          "length" : 32,
          "precision" : 0,
          "generator" : "assigned",
          "isRelated" : false,
          "scale" : 0
        }, {
          "fieldName" : "username",
          "type" : "string",
          "fullyQualifiedType" : "string",
          "columnName" : "USERNAME",
          "isPrimaryKey" : false,
          "notNull" : false,
          "length" : 32,
          "precision" : 0,
          "generator" : "assigned",
          "isRelated" : false,
          "scale" : 0
        }, {
          "fieldName" : "email",
          "type" : "string",
          "fullyQualifiedType" : "string",
          "columnName" : "EMAIL",
          "isPrimaryKey" : false,
          "notNull" : false,
          "length" : 255,
          "precision" : 0,
          "generator" : "assigned",
          "isRelated" : false,
          "defaultValue" : "",
          "scale" : 0
        }, {
          "fieldName" : "phone",
          "type" : "string",
          "fullyQualifiedType" : "string",
          "columnName" : "PHONE",
          "isPrimaryKey" : false,
          "notNull" : false,
          "length" : 255,
          "precision" : 0,
          "generator" : "assigned",
          "isRelated" : false,
          "defaultValue" : "",
          "scale" : 0
        }, {
          "fieldName" : "officeAddress",
          "type" : "string",
          "fullyQualifiedType" : "string",
          "columnName" : "OFFICE_ADDRESS",
          "isPrimaryKey" : false,
          "notNull" : false,
          "length" : 555,
          "precision" : 0,
          "generator" : "assigned",
          "isRelated" : false,
          "defaultValue" : "",
          "scale" : 0
        } ]
      }, {
        "fieldName" : "states",
        "type" : "integer",
        "fullyQualifiedType" : "integer",
        "columnName" : "STATE_ID_REF",
        "isPrimaryKey" : false,
        "notNull" : false,
        "length" : 0,
        "precision" : 10,
        "generator" : "assigned",
        "isRelated" : true,
        "relatedTableName" : "STATES",
        "relatedEntityName" : "States",
        "relatedColumnName" : "stateIdRef",
        "relatedFieldName" : "states.id",
        "isList" : false,
        "targetTable" : "STATES",
        "scale" : 0,
        "columns" : [ {
          "fieldName" : "id",
          "type" : "integer",
          "fullyQualifiedType" : "integer",
          "columnName" : "ID",
          "isPrimaryKey" : true,
          "notNull" : true,
          "length" : 0,
          "precision" : 10,
          "generator" : "identity",
          "isRelated" : false,
          "scale" : 0
        }, {
          "fieldName" : "name",
          "type" : "string",
          "fullyQualifiedType" : "string",
          "columnName" : "NAME",
          "isPrimaryKey" : false,
          "notNull" : true,
          "length" : 40,
          "precision" : 0,
          "generator" : "assigned",
          "isRelated" : false,
          "scale" : 0
        }, {
          "fieldName" : "abbrev",
          "type" : "string",
          "fullyQualifiedType" : "string",
          "columnName" : "ABBREV",
          "isPrimaryKey" : false,
          "notNull" : true,
          "length" : 2,
          "precision" : 0,
          "generator" : "assigned",
          "isRelated" : false,
          "scale" : 0
        } ]
      }, {
        "fieldName" : "channels",
        "type" : "integer",
        "fullyQualifiedType" : "integer",
        "columnName" : "CHANNEL_TYPE",
        "isPrimaryKey" : false,
        "notNull" : false,
        "length" : 0,
        "precision" : 10,
        "generator" : "assigned",
        "isRelated" : true,
        "relatedTableName" : "CHANNELS",
        "relatedEntityName" : "Channels",
        "relatedColumnName" : "channelType",
        "relatedFieldName" : "channels.id",
        "isList" : false,
        "targetTable" : "CHANNELS",
        "scale" : 0,
        "columns" : [ {
          "fieldName" : "id",
          "type" : "integer",
          "fullyQualifiedType" : "integer",
          "columnName" : "ID",
          "isPrimaryKey" : true,
          "notNull" : true,
          "length" : 0,
          "precision" : 10,
          "generator" : "identity",
          "isRelated" : false,
          "scale" : 0
        }, {
          "fieldName" : "name",
          "type" : "string",
          "fullyQualifiedType" : "string",
          "columnName" : "NAME",
          "isPrimaryKey" : false,
          "notNull" : true,
          "length" : 255,
          "precision" : 0,
          "generator" : "assigned",
          "isRelated" : false,
          "scale" : 0
        } ]
      }, {
        "fieldName" : "id",
        "type" : "integer",
        "fullyQualifiedType" : "integer",
        "columnName" : "ID",
        "isPrimaryKey" : true,
        "notNull" : true,
        "length" : 0,
        "precision" : 10,
        "generator" : "identity",
        "isRelated" : false,
        "scale" : 0
      }, {
        "fieldName" : "name",
        "type" : "string",
        "fullyQualifiedType" : "string",
        "columnName" : "NAME",
        "isPrimaryKey" : false,
        "notNull" : true,
        "length" : 32,
        "precision" : 0,
        "generator" : "assigned",
        "isRelated" : false,
        "scale" : 0
      }, {
        "fieldName" : "street",
        "type" : "string",
        "fullyQualifiedType" : "string",
        "columnName" : "STREET",
        "isPrimaryKey" : false,
        "notNull" : false,
        "length" : 64,
        "precision" : 0,
        "generator" : "assigned",
        "isRelated" : false,
        "scale" : 0
      }, {
        "fieldName" : "city",
        "type" : "string",
        "fullyQualifiedType" : "string",
        "columnName" : "CITY",
        "isPrimaryKey" : false,
        "notNull" : false,
        "length" : 32,
        "precision" : 0,
        "generator" : "assigned",
        "isRelated" : false,
        "scale" : 0
      }, {
        "fieldName" : "state",
        "type" : "string",
        "fullyQualifiedType" : "string",
        "columnName" : "STATE",
        "isPrimaryKey" : false,
        "notNull" : false,
        "length" : 2,
        "precision" : 0,
        "generator" : "assigned",
        "isRelated" : false,
        "scale" : 0
      }, {
        "fieldName" : "zip",
        "type" : "string",
        "fullyQualifiedType" : "string",
        "columnName" : "ZIP",
        "isPrimaryKey" : false,
        "notNull" : false,
        "length" : 6,
        "precision" : 0,
        "generator" : "assigned",
        "isRelated" : false,
        "scale" : 0
      }, {
        "fieldName" : "picurl",
        "type" : "string",
        "fullyQualifiedType" : "string",
        "columnName" : "PICURL",
        "isPrimaryKey" : false,
        "notNull" : false,
        "length" : 1024,
        "precision" : 0,
        "generator" : "assigned",
        "isRelated" : false,
        "scale" : 0
      }, {
        "fieldName" : "password",
        "type" : "string",
        "fullyQualifiedType" : "string",
        "columnName" : "PASSWORD",
        "isPrimaryKey" : false,
        "notNull" : false,
        "length" : 32,
        "precision" : 0,
        "generator" : "assigned",
        "isRelated" : false,
        "scale" : 0
      }, {
        "fieldName" : "role",
        "type" : "string",
        "fullyQualifiedType" : "string",
        "columnName" : "ROLE",
        "isPrimaryKey" : false,
        "notNull" : false,
        "length" : 32,
        "precision" : 0,
        "generator" : "assigned",
        "isRelated" : false,
        "scale" : 0
      }, {
        "fieldName" : "username",
        "type" : "string",
        "fullyQualifiedType" : "string",
        "columnName" : "USERNAME",
        "isPrimaryKey" : false,
        "notNull" : false,
        "length" : 32,
        "precision" : 0,
        "generator" : "assigned",
        "isRelated" : false,
        "scale" : 0
      }, {
        "fieldName" : "email",
        "type" : "string",
        "fullyQualifiedType" : "string",
        "columnName" : "EMAIL",
        "isPrimaryKey" : false,
        "notNull" : false,
        "length" : 255,
        "precision" : 0,
        "generator" : "assigned",
        "isRelated" : false,
        "defaultValue" : "",
        "scale" : 0
      }, {
        "fieldName" : "phone",
        "type" : "string",
        "fullyQualifiedType" : "string",
        "columnName" : "PHONE",
        "isPrimaryKey" : false,
        "notNull" : false,
        "length" : 255,
        "precision" : 0,
        "generator" : "assigned",
        "isRelated" : false,
        "defaultValue" : "",
        "scale" : 0
      }, {
        "fieldName" : "officeAddress",
        "type" : "string",
        "fullyQualifiedType" : "string",
        "columnName" : "OFFICE_ADDRESS",
        "isPrimaryKey" : false,
        "notNull" : false,
        "length" : 555,
        "precision" : 0,
        "generator" : "assigned",
        "isRelated" : false,
        "defaultValue" : "",
        "scale" : 0
      } ],
      "entityName" : "Reps",
      "fullyQualifiedName" : "com.salesvision.salesvision.Reps",
      "tableType" : "TABLE",
      "primaryFields" : [ "id" ]
    },
    "isDefault" : true,
    "bindCount" : 1,
    "tableName" : "REPS",
    "tableType" : "TABLE",
    "properties" : [ "repsByReportingHead", "states", "channels" ],
    "relatedTables" : [ {
      "columnName" : "repsByReportingHead",
      "relationName" : "repsByReportingHead",
      "type" : "Reps",
      "watchOn" : "SalesVisionRepsData",
      "package" : "com.salesvision.salesvision.Reps"
    }, {
      "columnName" : "states",
      "relationName" : "states",
      "type" : "States",
      "watchOn" : "SalesVisionStatesData",
      "package" : "com.salesvision.salesvision.Reps"
    }, {
      "columnName" : "channels",
      "relationName" : "channels",
      "type" : "Channels",
      "watchOn" : "SalesVisionChannelsData",
      "package" : "com.salesvision.salesvision.Reps"
    } ],
    "filterExpressions" : { },
    "package" : "com.salesvision.salesvision.Reps"
  }
}