{
  "SalesVisionCreateBadges" : {
    "_id" : "wm-SalesVisionCreateBadges-wm.ServiceVariable-1637129035639",
    "name" : "SalesVisionCreateBadges",
    "owner" : "Page",
    "category" : "wm.ServiceVariable",
    "dataBinding" : [ ],
    "type" : "com.salesvision.salesvision.Badges",
    "service" : "SalesVision",
    "operation" : "createBadges",
    "operationId" : "BadgesController_createBadges",
    "operationType" : "post",
    "serviceType" : "DataService",
    "dataSet" : [ ],
    "isList" : false,
    "maxResults" : 20,
    "startUpdate" : true,
    "autoUpdate" : true,
    "inFlightBehavior" : "executeLast",
    "transformationRequired" : false,
    "saveInPhonegap" : false,
    "isDefault" : true,
    "controller" : "Badges"
  }
}