{
  "CustomerSales" : {
    "_id" : "wm-CustomerSales-wm.LiveVariable-1581669114408",
    "name" : "CustomerSales",
    "owner" : "Page",
    "category" : "wm.LiveVariable",
    "dataBinding" : [ ],
    "operation" : "read",
    "dataSet" : [ ],
    "type" : "Sales",
    "isList" : true,
    "saveInPhonegap" : false,
    "maxResults" : 20,
    "designMaxResults" : 10,
    "inFlightBehavior" : "executeLast",
    "startUpdate" : false,
    "autoUpdate" : false,
    "transformationRequired" : false,
    "liveSource" : "SalesVision",
    "ignoreCase" : true,
    "matchMode" : "startignorecase",
    "orderBy" : "id asc",
    "propertiesMap" : {
      "columns" : [ {
        "fieldName" : "products",
        "type" : "integer",
        "fullyQualifiedType" : "integer",
        "columnName" : "PRODUCT_ID",
        "isPrimaryKey" : false,
        "notNull" : false,
        "length" : 0,
        "precision" : 10,
        "generator" : "assigned",
        "isRelated" : true,
        "relatedTableName" : "PRODUCTS",
        "relatedEntityName" : "Products",
        "relatedColumnName" : "productId",
        "relatedFieldName" : "products.id",
        "isList" : false,
        "targetTable" : "PRODUCTS",
        "scale" : 0,
        "columns" : [ {
          "fieldName" : "id",
          "type" : "integer",
          "fullyQualifiedType" : "integer",
          "columnName" : "ID",
          "isPrimaryKey" : true,
          "notNull" : true,
          "length" : 0,
          "precision" : 10,
          "generator" : "identity",
          "isRelated" : false,
          "scale" : 0
        }, {
          "fieldName" : "name",
          "type" : "string",
          "fullyQualifiedType" : "string",
          "columnName" : "NAME",
          "isPrimaryKey" : false,
          "notNull" : true,
          "length" : 40,
          "precision" : 0,
          "generator" : "assigned",
          "isRelated" : false,
          "scale" : 0
        } ]
      }, {
        "fieldName" : "quotes",
        "type" : "integer",
        "fullyQualifiedType" : "integer",
        "columnName" : "QUOTE_ID",
        "isPrimaryKey" : false,
        "notNull" : false,
        "length" : 0,
        "precision" : 10,
        "generator" : "assigned",
        "isRelated" : true,
        "relatedTableName" : "QUOTES",
        "relatedEntityName" : "Quotes",
        "relatedColumnName" : "quoteId",
        "relatedFieldName" : "quotes.id",
        "isList" : false,
        "targetTable" : "QUOTES",
        "scale" : 0,
        "columns" : [ {
          "fieldName" : "reps",
          "type" : "integer",
          "fullyQualifiedType" : "integer",
          "columnName" : "REP_ID",
          "isPrimaryKey" : false,
          "notNull" : false,
          "length" : 0,
          "precision" : 10,
          "generator" : "assigned",
          "isRelated" : true,
          "relatedColumnName" : "repId",
          "targetTable" : "REPS",
          "scale" : 0
        }, {
          "fieldName" : "customers",
          "type" : "integer",
          "fullyQualifiedType" : "integer",
          "columnName" : "CUSTOMER_ID",
          "isPrimaryKey" : false,
          "notNull" : false,
          "length" : 0,
          "precision" : 10,
          "generator" : "assigned",
          "isRelated" : true,
          "defaultValue" : "",
          "relatedColumnName" : "customerId",
          "targetTable" : "CUSTOMERS",
          "scale" : 0
        }, {
          "fieldName" : "products",
          "type" : "integer",
          "fullyQualifiedType" : "integer",
          "columnName" : "PRODUCT_ID",
          "isPrimaryKey" : false,
          "notNull" : false,
          "length" : 0,
          "precision" : 10,
          "generator" : "assigned",
          "isRelated" : true,
          "defaultValue" : "",
          "relatedColumnName" : "productId",
          "targetTable" : "PRODUCTS",
          "scale" : 0
        }, {
          "fieldName" : "quoteStatus",
          "type" : "integer",
          "fullyQualifiedType" : "integer",
          "columnName" : "QUOTE_STATUS_REF",
          "isPrimaryKey" : false,
          "notNull" : false,
          "length" : 0,
          "precision" : 10,
          "generator" : "assigned",
          "isRelated" : true,
          "defaultValue" : "",
          "relatedColumnName" : "quoteStatusRef",
          "targetTable" : "QUOTE_STATUS",
          "scale" : 0
        }, {
          "fieldName" : "id",
          "type" : "integer",
          "fullyQualifiedType" : "integer",
          "columnName" : "ID",
          "isPrimaryKey" : true,
          "notNull" : true,
          "length" : 0,
          "precision" : 10,
          "generator" : "identity",
          "isRelated" : false,
          "scale" : 0
        }, {
          "fieldName" : "entryDate",
          "type" : "date",
          "fullyQualifiedType" : "date",
          "columnName" : "ENTRY_DATE",
          "isPrimaryKey" : false,
          "notNull" : false,
          "length" : 0,
          "precision" : 0,
          "generator" : "assigned",
          "isRelated" : false,
          "scale" : 0
        }, {
          "fieldName" : "estimatedSale",
          "type" : "integer",
          "fullyQualifiedType" : "integer",
          "columnName" : "ESTIMATED_SALE",
          "isPrimaryKey" : false,
          "notNull" : false,
          "length" : 0,
          "precision" : 10,
          "generator" : "assigned",
          "isRelated" : false,
          "scale" : 0
        }, {
          "fieldName" : "expectedCloseDate",
          "type" : "date",
          "fullyQualifiedType" : "date",
          "columnName" : "EXPECTED_CLOSE_DATE",
          "isPrimaryKey" : false,
          "notNull" : false,
          "length" : 0,
          "precision" : 0,
          "generator" : "assigned",
          "isRelated" : false,
          "scale" : 0
        }, {
          "fieldName" : "isSalesConverted",
          "type" : "boolean",
          "fullyQualifiedType" : "boolean",
          "columnName" : "IS_SALES_CONVERTED",
          "isPrimaryKey" : false,
          "notNull" : false,
          "length" : 0,
          "precision" : 1,
          "generator" : "assigned",
          "isRelated" : false,
          "scale" : 0
        } ]
      }, {
        "fieldName" : "id",
        "type" : "integer",
        "fullyQualifiedType" : "integer",
        "columnName" : "ID",
        "isPrimaryKey" : true,
        "notNull" : true,
        "length" : 0,
        "precision" : 10,
        "generator" : "identity",
        "isRelated" : false,
        "scale" : 0
      }, {
        "fieldName" : "entryDate",
        "type" : "date",
        "fullyQualifiedType" : "date",
        "columnName" : "ENTRY_DATE",
        "isPrimaryKey" : false,
        "notNull" : false,
        "length" : 0,
        "precision" : 0,
        "generator" : "assigned",
        "isRelated" : false,
        "scale" : 0
      }, {
        "fieldName" : "sales",
        "type" : "integer",
        "fullyQualifiedType" : "integer",
        "columnName" : "SALES",
        "isPrimaryKey" : false,
        "notNull" : false,
        "length" : 0,
        "precision" : 10,
        "generator" : "assigned",
        "isRelated" : false,
        "scale" : 0
      }, {
        "fieldName" : "isRenewal",
        "type" : "boolean",
        "fullyQualifiedType" : "boolean",
        "columnName" : "IS_RENEWAL",
        "isPrimaryKey" : false,
        "notNull" : false,
        "length" : 0,
        "precision" : 1,
        "generator" : "assigned",
        "isRelated" : false,
        "scale" : 0
      }, {
        "fieldName" : "comments",
        "type" : "string",
        "fullyQualifiedType" : "string",
        "columnName" : "COMMENTS",
        "isPrimaryKey" : false,
        "notNull" : false,
        "length" : 555,
        "precision" : 0,
        "generator" : "assigned",
        "isRelated" : false,
        "defaultValue" : "",
        "scale" : 0
      }, {
        "fieldName" : "renewalPeriod",
        "type" : "integer",
        "fullyQualifiedType" : "integer",
        "columnName" : "RENEWAL_PERIOD",
        "isPrimaryKey" : false,
        "notNull" : false,
        "length" : 0,
        "precision" : 10,
        "generator" : "assigned",
        "isRelated" : false,
        "defaultValue" : "",
        "scale" : 0
      } ],
      "entityName" : "Sales",
      "fullyQualifiedName" : "com.salesvision.salesvision.Sales",
      "tableType" : "TABLE",
      "primaryFields" : [ "id" ]
    },
    "isDefault" : true,
    "bindCount" : 5,
    "tableName" : "SALES",
    "tableType" : "TABLE",
    "properties" : [ "products", "quotes" ],
    "relatedTables" : [ {
      "columnName" : "products",
      "relationName" : "products",
      "type" : "Products",
      "watchOn" : "SalesVisionProductsData",
      "package" : "com.salesvision.salesvision.Sales"
    }, {
      "columnName" : "quotes",
      "relationName" : "quotes",
      "type" : "Quotes",
      "watchOn" : "SalesVisionQuotesData",
      "package" : "com.salesvision.salesvision.Sales"
    } ],
    "filterFields" : { },
    "filterExpressions" : {
      "condition" : "AND",
      "rules" : [ {
        "target" : "sales",
        "type" : "integer",
        "matchMode" : "between",
        "value" : "bind:Widgets.NoUIRangeSlider1.start",
        "required" : false,
        "secondvalue" : "bind:Widgets.NoUIRangeSlider1.end",
        "isFirst" : false
      }, {
        "condition" : "OR",
        "rules" : [ {
          "condition" : "AND",
          "rules" : [ {
            "target" : "quotes.reps.role",
            "type" : "string",
            "matchMode" : "anywhereignorecase",
            "value" : "manager",
            "required" : false,
            "secondvalue" : ""
          }, {
            "target" : "quotes.reps.reportingHead",
            "type" : "integer",
            "matchMode" : "exact",
            "value" : "bind:Variables.loggedInUserNo.dataSet.id",
            "required" : false,
            "secondvalue" : "",
            "isFirst" : true
          } ]
        }, {
          "condition" : "AND",
          "rules" : [ {
            "target" : "quotes.reps.role",
            "type" : "string",
            "matchMode" : "anywhereignorecase",
            "value" : "user",
            "required" : false,
            "secondvalue" : ""
          }, {
            "target" : "quotes.reps.id",
            "type" : "integer",
            "matchMode" : "exact",
            "value" : "bind:Variables.loggedInUserNo.dataSet.id",
            "required" : false,
            "secondvalue" : "",
            "isFirst" : true
          } ]
        } ]
      } ]
    },
    "package" : "com.salesvision.salesvision.Sales"
  },
  "GetExistingCustomers" : {
    "_id" : "wm-SalesVisionSalesData-wm.LiveVariable-1582630154647",
    "name" : "GetExistingCustomers",
    "owner" : "Page",
    "category" : "wm.LiveVariable",
    "dataBinding" : [ ],
    "operation" : "read",
    "dataSet" : [ ],
    "type" : "Sales",
    "isList" : true,
    "saveInPhonegap" : false,
    "maxResults" : 16,
    "designMaxResults" : 16,
    "inFlightBehavior" : "executeLast",
    "startUpdate" : true,
    "autoUpdate" : false,
    "transformationRequired" : false,
    "liveSource" : "SalesVision",
    "ignoreCase" : true,
    "matchMode" : "startignorecase",
    "orderBy" : "id desc",
    "propertiesMap" : {
      "columns" : [ {
        "fieldName" : "products",
        "type" : "integer",
        "fullyQualifiedType" : "integer",
        "columnName" : "PRODUCT_ID",
        "isPrimaryKey" : false,
        "notNull" : false,
        "length" : 0,
        "precision" : 10,
        "generator" : "assigned",
        "isRelated" : true,
        "relatedTableName" : "PRODUCTS",
        "relatedEntityName" : "Products",
        "relatedColumnName" : "productId",
        "relatedFieldName" : "products.id",
        "isList" : false,
        "targetTable" : "PRODUCTS",
        "scale" : 0,
        "columns" : [ {
          "fieldName" : "id",
          "type" : "integer",
          "fullyQualifiedType" : "integer",
          "columnName" : "ID",
          "isPrimaryKey" : true,
          "notNull" : true,
          "length" : 0,
          "precision" : 10,
          "generator" : "identity",
          "isRelated" : false,
          "scale" : 0
        }, {
          "fieldName" : "name",
          "type" : "string",
          "fullyQualifiedType" : "string",
          "columnName" : "NAME",
          "isPrimaryKey" : false,
          "notNull" : true,
          "length" : 40,
          "precision" : 0,
          "generator" : "assigned",
          "isRelated" : false,
          "scale" : 0
        } ]
      }, {
        "fieldName" : "quotes",
        "type" : "integer",
        "fullyQualifiedType" : "integer",
        "columnName" : "QUOTE_ID",
        "isPrimaryKey" : false,
        "notNull" : false,
        "length" : 0,
        "precision" : 10,
        "generator" : "assigned",
        "isRelated" : true,
        "relatedTableName" : "QUOTES",
        "relatedEntityName" : "Quotes",
        "relatedColumnName" : "quoteId",
        "relatedFieldName" : "quotes.id",
        "isList" : false,
        "targetTable" : "QUOTES",
        "scale" : 0,
        "columns" : [ {
          "fieldName" : "reps",
          "type" : "integer",
          "fullyQualifiedType" : "integer",
          "columnName" : "REP_ID",
          "isPrimaryKey" : false,
          "notNull" : false,
          "length" : 0,
          "precision" : 10,
          "generator" : "assigned",
          "isRelated" : true,
          "relatedColumnName" : "repId",
          "targetTable" : "REPS",
          "scale" : 0
        }, {
          "fieldName" : "customers",
          "type" : "integer",
          "fullyQualifiedType" : "integer",
          "columnName" : "CUSTOMER_ID",
          "isPrimaryKey" : false,
          "notNull" : false,
          "length" : 0,
          "precision" : 10,
          "generator" : "assigned",
          "isRelated" : true,
          "defaultValue" : "",
          "relatedColumnName" : "customerId",
          "targetTable" : "CUSTOMERS",
          "scale" : 0
        }, {
          "fieldName" : "products",
          "type" : "integer",
          "fullyQualifiedType" : "integer",
          "columnName" : "PRODUCT_ID",
          "isPrimaryKey" : false,
          "notNull" : false,
          "length" : 0,
          "precision" : 10,
          "generator" : "assigned",
          "isRelated" : true,
          "defaultValue" : "",
          "relatedColumnName" : "productId",
          "targetTable" : "PRODUCTS",
          "scale" : 0
        }, {
          "fieldName" : "quoteStatus",
          "type" : "integer",
          "fullyQualifiedType" : "integer",
          "columnName" : "QUOTE_STATUS_REF",
          "isPrimaryKey" : false,
          "notNull" : false,
          "length" : 0,
          "precision" : 10,
          "generator" : "assigned",
          "isRelated" : true,
          "defaultValue" : "",
          "relatedColumnName" : "quoteStatusRef",
          "targetTable" : "QUOTE_STATUS",
          "scale" : 0
        }, {
          "fieldName" : "id",
          "type" : "integer",
          "fullyQualifiedType" : "integer",
          "columnName" : "ID",
          "isPrimaryKey" : true,
          "notNull" : true,
          "length" : 0,
          "precision" : 10,
          "generator" : "identity",
          "isRelated" : false,
          "scale" : 0
        }, {
          "fieldName" : "entryDate",
          "type" : "date",
          "fullyQualifiedType" : "date",
          "columnName" : "ENTRY_DATE",
          "isPrimaryKey" : false,
          "notNull" : false,
          "length" : 0,
          "precision" : 0,
          "generator" : "assigned",
          "isRelated" : false,
          "scale" : 0
        }, {
          "fieldName" : "estimatedSale",
          "type" : "integer",
          "fullyQualifiedType" : "integer",
          "columnName" : "ESTIMATED_SALE",
          "isPrimaryKey" : false,
          "notNull" : false,
          "length" : 0,
          "precision" : 10,
          "generator" : "assigned",
          "isRelated" : false,
          "scale" : 0
        }, {
          "fieldName" : "expectedCloseDate",
          "type" : "date",
          "fullyQualifiedType" : "date",
          "columnName" : "EXPECTED_CLOSE_DATE",
          "isPrimaryKey" : false,
          "notNull" : false,
          "length" : 0,
          "precision" : 0,
          "generator" : "assigned",
          "isRelated" : false,
          "scale" : 0
        }, {
          "fieldName" : "isSalesConverted",
          "type" : "boolean",
          "fullyQualifiedType" : "boolean",
          "columnName" : "IS_SALES_CONVERTED",
          "isPrimaryKey" : false,
          "notNull" : false,
          "length" : 0,
          "precision" : 1,
          "generator" : "assigned",
          "isRelated" : false,
          "scale" : 0
        } ]
      }, {
        "fieldName" : "id",
        "type" : "integer",
        "fullyQualifiedType" : "integer",
        "columnName" : "ID",
        "isPrimaryKey" : true,
        "notNull" : true,
        "length" : 0,
        "precision" : 10,
        "generator" : "identity",
        "isRelated" : false,
        "scale" : 0
      }, {
        "fieldName" : "entryDate",
        "type" : "date",
        "fullyQualifiedType" : "date",
        "columnName" : "ENTRY_DATE",
        "isPrimaryKey" : false,
        "notNull" : false,
        "length" : 0,
        "precision" : 0,
        "generator" : "assigned",
        "isRelated" : false,
        "scale" : 0
      }, {
        "fieldName" : "sales",
        "type" : "integer",
        "fullyQualifiedType" : "integer",
        "columnName" : "SALES",
        "isPrimaryKey" : false,
        "notNull" : false,
        "length" : 0,
        "precision" : 10,
        "generator" : "assigned",
        "isRelated" : false,
        "scale" : 0
      }, {
        "fieldName" : "isRenewal",
        "type" : "boolean",
        "fullyQualifiedType" : "boolean",
        "columnName" : "IS_RENEWAL",
        "isPrimaryKey" : false,
        "notNull" : false,
        "length" : 0,
        "precision" : 1,
        "generator" : "assigned",
        "isRelated" : false,
        "scale" : 0
      }, {
        "fieldName" : "comments",
        "type" : "string",
        "fullyQualifiedType" : "string",
        "columnName" : "COMMENTS",
        "isPrimaryKey" : false,
        "notNull" : false,
        "length" : 555,
        "precision" : 0,
        "generator" : "assigned",
        "isRelated" : false,
        "defaultValue" : "",
        "scale" : 0
      }, {
        "fieldName" : "renewalPeriod",
        "type" : "integer",
        "fullyQualifiedType" : "integer",
        "columnName" : "RENEWAL_PERIOD",
        "isPrimaryKey" : false,
        "notNull" : false,
        "length" : 0,
        "precision" : 10,
        "generator" : "assigned",
        "isRelated" : false,
        "defaultValue" : "",
        "scale" : 0
      } ],
      "entityName" : "Sales",
      "fullyQualifiedName" : "com.salesvision.salesvision.Sales",
      "tableType" : "TABLE",
      "primaryFields" : [ "id" ]
    },
    "isDefault" : true,
    "bindCount" : 1,
    "tableName" : "SALES",
    "tableType" : "TABLE",
    "properties" : [ "products", "quotes" ],
    "relatedTables" : [ {
      "columnName" : "products",
      "relationName" : "products",
      "type" : "Products",
      "watchOn" : "SalesVisionProductsData",
      "package" : "com.salesvision.salesvision.Sales"
    }, {
      "columnName" : "quotes",
      "relationName" : "quotes",
      "type" : "Quotes",
      "watchOn" : "SalesVisionQuotesData",
      "package" : "com.salesvision.salesvision.Sales"
    } ],
    "filterFields" : { },
    "filterExpressions" : {
      "condition" : "AND",
      "rules" : [ {
        "target" : "quotes.quoteStatus.id",
        "type" : "integer",
        "matchMode" : "exact",
        "value" : 6,
        "required" : false,
        "secondvalue" : "",
        "isFirst" : true
      }, {
        "condition" : "OR",
        "rules" : [ {
          "condition" : "AND",
          "rules" : [ {
            "target" : "quotes.reps.role",
            "type" : "string",
            "matchMode" : "anywhereignorecase",
            "value" : "manager",
            "required" : false,
            "secondvalue" : ""
          }, {
            "target" : "quotes.reps.reportingHead",
            "type" : "integer",
            "matchMode" : "exact",
            "value" : "bind:Variables.loggedInUserNo.dataSet.id",
            "required" : false,
            "secondvalue" : "",
            "isFirst" : true
          } ]
        }, {
          "condition" : "AND",
          "rules" : [ {
            "target" : "quotes.reps.role",
            "type" : "string",
            "matchMode" : "anywhereignorecase",
            "value" : "user",
            "required" : false,
            "secondvalue" : "",
            "isFirst" : true
          }, {
            "target" : "quotes.reps.id",
            "type" : "integer",
            "matchMode" : "exact",
            "value" : "bind:Variables.loggedInUserNo.dataSet.id",
            "required" : false,
            "secondvalue" : "",
            "isFirst" : true
          } ]
        } ]
      } ]
    },
    "package" : "com.salesvision.salesvision.Sales"
  }
}