{
  "endpointAddress" : "https://randomuser.me/api",
  "method" : "GET",
  "headers" : { },
  "redirectEnabled" : true,
  "requestBody" : "",
  "queryParams" : {
    "results" : "10"
  },
  "authDetails" : null,
  "contentType" : "application/json",
  "multiParamInfoList" : null,
  "sampleHttpResponseDetails" : {
    "statusCode" : 200,
    "headers" : {
      "Date" : [ "Thu, 18 Nov 2021 04:50:50 GMT" ],
      "Content-Type" : [ "application/json; charset=utf-8" ],
      "Transfer-Encoding" : [ "chunked" ],
      "Connection" : [ "keep-alive" ],
      "x-powered-by" : [ "Express" ],
      "access-control-allow-origin" : [ "*" ],
      "cache-control" : [ "no-cache" ],
      "etag" : [ "W/\"2a59-2+8Wvkg5BB7A3KI9m8ZsLIX60Cw\"" ],
      "vary" : [ "Accept-Encoding" ],
      "CF-Cache-Status" : [ "DYNAMIC" ],
      "Expect-CT" : [ "max-age=604800, report-uri=\"https://report-uri.cloudflare.com/cdn-cgi/beacon/expect-ct\"" ],
      "Report-To" : [ "{\"endpoints\":[{\"url\":\"https:\\/\\/a.nel.cloudflare.com\\/report\\/v3?s=9ns7Dj09EkztiTwdgJIC4NAddgireDmyId3J%2BzcK4tI0NKBe6LuU%2FRhn3lCpWLQdAfyi5Mh4tlqZ2BwP3XoVTbXvpgJTjqLMOO9K%2BkXVZIIK2LUViEsi6gLw8pymP%2B%2BR\"}],\"group\":\"cf-nel\",\"max_age\":604800}" ],
      "NEL" : [ "{\"success_fraction\":0,\"report_to\":\"cf-nel\",\"max_age\":604800}" ],
      "Server" : [ "cloudflare" ],
      "CF-RAY" : [ "6afe948c5f8e59cd-IAD" ],
      "alt-svc" : [ "h3=\":443\"; ma=86400, h3-29=\":443\"; ma=86400, h3-28=\":443\"; ma=86400, h3-27=\":443\"; ma=86400" ]
    },
    "responseBody" : "{\"results\":[{\"gender\":\"male\",\"name\":{\"title\":\"Mr\",\"first\":\"Stanley\",\"last\":\"Olson\"},\"location\":{\"street\":{\"number\":5520,\"name\":\"E Pecan St\"},\"city\":\"Coffs Harbour\",\"state\":\"New South Wales\",\"country\":\"Australia\",\"postcode\":3484,\"coordinates\":{\"latitude\":\"-85.8806\",\"longitude\":\"-13.2070\"},\"timezone\":{\"offset\":\"+8:00\",\"description\":\"Beijing, Perth, Singapore, Hong Kong\"}},\"email\":\"stanley.olson@example.com\",\"login\":{\"uuid\":\"ead8342a-fd68-4cbf-8434-203159a28f30\",\"username\":\"brownfish233\",\"password\":\"content\",\"salt\":\"7YxGWS7I\",\"md5\":\"4d6f429388c766a39740682e872f8862\",\"sha1\":\"34bde55282250550b23f2264af288654b46e80bf\",\"sha256\":\"96c932ed9eb21b2ef13768a2c641effc1c0fed7e7e64b57e15e6a4c7066f6b76\"},\"dob\":{\"date\":\"1945-09-04T07:58:41.419Z\",\"age\":76},\"registered\":{\"date\":\"2006-05-08T10:47:09.896Z\",\"age\":15},\"phone\":\"03-6615-9202\",\"cell\":\"0445-114-041\",\"id\":{\"name\":\"TFN\",\"value\":\"982731349\"},\"picture\":{\"large\":\"https://randomuser.me/api/portraits/men/8.jpg\",\"medium\":\"https://randomuser.me/api/portraits/med/men/8.jpg\",\"thumbnail\":\"https://randomuser.me/api/portraits/thumb/men/8.jpg\"},\"nat\":\"AU\"}],\"info\":{\"seed\":\"45c35b01226e5f79\",\"results\":10,\"page\":1,\"version\":\"1.3\"}}",
    "convertedResponse" : null
  }
}