{
  "googleapis_RestServiceVirtualController-invoke" : {
    "id" : "googleapis_RestServiceVirtualController-invoke",
    "service" : "googleapis",
    "controller" : "RestServiceVirtualController",
    "operationType" : "googleapis.RootResponse",
    "type" : "googleapis.RootResponse",
    "wmServiceOperationInfo" : {
      "name" : "invoke",
      "methodType" : "get",
      "relativePath" : "/googleapis/api/directions/xml",
      "directPath" : "${rest.googleapis.scheme}://${rest.googleapis.host}${rest.googleapis.basepath}/api/directions/xml",
      "httpMethod" : "get",
      "parameters" : [ {
        "name" : "origin",
        "parameterType" : "query",
        "required" : false,
        "type" : "String",
        "readOnly" : false,
        "contentType" : null
      }, {
        "name" : "destination",
        "parameterType" : "query",
        "required" : false,
        "type" : "String",
        "readOnly" : false,
        "contentType" : null
      }, {
        "name" : "sensor",
        "parameterType" : "query",
        "required" : false,
        "type" : "String",
        "readOnly" : false,
        "contentType" : null
      } ],
      "definitions" : { },
      "produces" : [ "application/xml" ],
      "consumes" : [ "application/json" ],
      "proxySettings" : {
        "web" : true,
        "mobile" : true,
        "withCredentials" : false
      },
      "securityDefinitions" : [ ]
    }
  }
}
